-- MySQL dump 10.13  Distrib 8.0.27, for macos11.6 (x86_64)
--
-- Host: localhost    Database: ncdmb_erp
-- ------------------------------------------------------
-- Server version	8.0.27

/*!40101 SET @OLD_CHARACTER_SET_CLIENT=@@CHARACTER_SET_CLIENT */;
/*!40101 SET @OLD_CHARACTER_SET_RESULTS=@@CHARACTER_SET_RESULTS */;
/*!40101 SET @OLD_COLLATION_CONNECTION=@@COLLATION_CONNECTION */;
/*!50503 SET NAMES utf8mb4 */;
/*!40103 SET @OLD_TIME_ZONE=@@TIME_ZONE */;
/*!40103 SET TIME_ZONE='+00:00' */;
/*!40014 SET @OLD_UNIQUE_CHECKS=@@UNIQUE_CHECKS, UNIQUE_CHECKS=0 */;
/*!40014 SET @OLD_FOREIGN_KEY_CHECKS=@@FOREIGN_KEY_CHECKS, FOREIGN_KEY_CHECKS=0 */;
/*!40101 SET @OLD_SQL_MODE=@@SQL_MODE, SQL_MODE='NO_AUTO_VALUE_ON_ZERO' */;
/*!40111 SET @OLD_SQL_NOTES=@@SQL_NOTES, SQL_NOTES=0 */;

--
-- Table structure for table `approvals`
--

DROP TABLE IF EXISTS `approvals`;
/*!40101 SET @saved_cs_client     = @@character_set_client */;
/*!50503 SET character_set_client = utf8mb4 */;
CREATE TABLE `approvals` (
  `id` bigint unsigned NOT NULL AUTO_INCREMENT,
  `user_id` bigint unsigned NOT NULL,
  `work_flow` varchar(255) COLLATE utf8mb4_unicode_ci DEFAULT NULL,
  `level` varchar(255) COLLATE utf8mb4_unicode_ci DEFAULT NULL,
  `approveable_id` bigint unsigned NOT NULL,
  `approveable_type` varchar(255) COLLATE utf8mb4_unicode_ci NOT NULL,
  `description` longtext COLLATE utf8mb4_unicode_ci,
  `response` longtext COLLATE utf8mb4_unicode_ci,
  `status` enum('pending','in-progress','approved','denied','queried') COLLATE utf8mb4_unicode_ci NOT NULL DEFAULT 'pending',
  `created_at` timestamp NULL DEFAULT NULL,
  `updated_at` timestamp NULL DEFAULT NULL,
  PRIMARY KEY (`id`),
  KEY `approvals_user_id_foreign` (`user_id`),
  CONSTRAINT `approvals_user_id_foreign` FOREIGN KEY (`user_id`) REFERENCES `users` (`id`) ON DELETE CASCADE
) ENGINE=InnoDB AUTO_INCREMENT=21 DEFAULT CHARSET=utf8mb4 COLLATE=utf8mb4_unicode_ci;
/*!40101 SET character_set_client = @saved_cs_client */;

--
-- Dumping data for table `approvals`
--

LOCK TABLES `approvals` WRITE;
/*!40000 ALTER TABLE `approvals` DISABLE KEYS */;
INSERT INTO `approvals` VALUES (1,1,NULL,NULL,1,'App\\Models\\Expenditure',NULL,NULL,'pending','2022-01-31 12:16:50','2022-01-31 12:16:50'),(2,1,NULL,NULL,2,'App\\Models\\Expenditure',NULL,NULL,'pending','2022-01-31 12:16:50','2022-01-31 12:16:50'),(3,1,'budget-payment-process','budget-office',1,'App\\Models\\Batch',NULL,NULL,'approved','2022-01-31 12:18:27','2022-01-31 12:18:27'),(4,1,'budget-payment-process','treasury',1,'App\\Models\\Batch',NULL,NULL,'approved','2022-01-31 12:18:38','2022-01-31 12:18:38'),(5,1,'budget-payment-process','audit',1,'App\\Models\\Batch',NULL,NULL,'approved','2022-01-31 12:18:49','2022-01-31 12:18:49'),(6,1,'budget-payment-process','treasury',1,'App\\Models\\Batch',NULL,NULL,'approved','2022-01-31 12:19:05','2022-01-31 12:19:05'),(7,1,'budget-payment-process','budget-office',1,'App\\Models\\Batch',NULL,NULL,'approved','2022-01-31 12:33:24','2022-01-31 12:33:24'),(8,1,'budget-payment-process','treasury',1,'App\\Models\\Batch',NULL,NULL,'approved','2022-01-31 12:33:59','2022-01-31 12:33:59'),(9,1,'budget-payment-process','audit',1,'App\\Models\\Batch',NULL,NULL,'approved','2022-01-31 12:34:32','2022-01-31 12:34:32'),(10,1,'budget-payment-process','treasury',1,'App\\Models\\Batch',NULL,NULL,'approved','2022-01-31 12:34:54','2022-01-31 12:34:54'),(11,1,NULL,NULL,3,'App\\Models\\Expenditure',NULL,NULL,'pending','2022-01-31 12:58:36','2022-01-31 12:58:36'),(12,1,'budget-payment-process','budget-office',2,'App\\Models\\Batch',NULL,NULL,'approved','2022-01-31 12:59:00','2022-01-31 12:59:00'),(13,1,'budget-payment-process','treasury',2,'App\\Models\\Batch',NULL,NULL,'approved','2022-01-31 12:59:26','2022-01-31 12:59:26'),(14,1,'budget-payment-process','audit',2,'App\\Models\\Batch',NULL,NULL,'approved','2022-01-31 13:00:37','2022-01-31 13:00:37'),(15,1,'budget-payment-process','treasury',2,'App\\Models\\Batch',NULL,NULL,'approved','2022-01-31 13:00:43','2022-01-31 13:00:43'),(16,1,NULL,NULL,4,'App\\Models\\Expenditure',NULL,NULL,'pending','2022-01-31 13:14:39','2022-01-31 13:14:39'),(17,1,'budget-payment-process','budget-office',3,'App\\Models\\Batch',NULL,NULL,'approved','2022-01-31 13:18:55','2022-01-31 13:18:55'),(18,1,'budget-payment-process','treasury',3,'App\\Models\\Batch',NULL,NULL,'approved','2022-01-31 13:19:09','2022-01-31 13:19:09'),(19,1,'budget-payment-process','audit',3,'App\\Models\\Batch',NULL,NULL,'approved','2022-01-31 13:19:19','2022-01-31 13:19:19'),(20,1,'budget-payment-process','treasury',3,'App\\Models\\Batch',NULL,NULL,'approved','2022-01-31 13:19:26','2022-01-31 13:19:26');
/*!40000 ALTER TABLE `approvals` ENABLE KEYS */;
UNLOCK TABLES;

--
-- Table structure for table `batches`
--

DROP TABLE IF EXISTS `batches`;
/*!40101 SET @saved_cs_client     = @@character_set_client */;
/*!50503 SET character_set_client = utf8mb4 */;
CREATE TABLE `batches` (
  `id` bigint unsigned NOT NULL AUTO_INCREMENT,
  `user_id` bigint unsigned NOT NULL,
  `batch_no` varchar(255) COLLATE utf8mb4_unicode_ci NOT NULL,
  `subBudgetHeadCode` varchar(255) COLLATE utf8mb4_unicode_ci DEFAULT NULL,
  `amount` decimal(30,2) NOT NULL DEFAULT '0.00',
  `noOfClaim` int NOT NULL DEFAULT '0',
  `level` enum('budget-office','treasury','audit') COLLATE utf8mb4_unicode_ci NOT NULL DEFAULT 'budget-office',
  `steps` int NOT NULL DEFAULT '0',
  `status` enum('pending','registered','queried','paid','archived') COLLATE utf8mb4_unicode_ci NOT NULL DEFAULT 'pending',
  `budget` tinyint(1) NOT NULL DEFAULT '0',
  `treasury` tinyint(1) NOT NULL DEFAULT '0',
  `audit` tinyint(1) NOT NULL DEFAULT '0',
  `editable` tinyint(1) NOT NULL DEFAULT '0',
  `closed` tinyint(1) NOT NULL DEFAULT '0',
  `created_at` timestamp NULL DEFAULT NULL,
  `updated_at` timestamp NULL DEFAULT NULL,
  PRIMARY KEY (`id`),
  UNIQUE KEY `batches_batch_no_unique` (`batch_no`),
  KEY `batches_user_id_foreign` (`user_id`),
  CONSTRAINT `batches_user_id_foreign` FOREIGN KEY (`user_id`) REFERENCES `users` (`id`) ON DELETE CASCADE
) ENGINE=InnoDB AUTO_INCREMENT=4 DEFAULT CHARSET=utf8mb4 COLLATE=utf8mb4_unicode_ci;
/*!40101 SET character_set_client = @saved_cs_client */;

--
-- Dumping data for table `batches`
--

LOCK TABLES `batches` WRITE;
/*!40000 ALTER TABLE `batches` DISABLE KEYS */;
INSERT INTO `batches` VALUES (1,1,'SP63783','R1003014BF',700000.00,2,'budget-office',1,'pending',1,0,0,0,0,'2022-01-31 12:16:50','2022-01-31 12:34:54'),(2,1,'TPP48870','R1003014A',5000000.00,1,'treasury',4,'paid',0,1,0,0,1,'2022-01-31 12:58:36','2022-01-31 13:00:43'),(3,1,'TPP78937','R1003014CB',40000000.00,1,'treasury',4,'paid',0,1,0,0,1,'2022-01-31 13:14:39','2022-01-31 13:19:26');
/*!40000 ALTER TABLE `batches` ENABLE KEYS */;
UNLOCK TABLES;

--
-- Table structure for table `benefits`
--

DROP TABLE IF EXISTS `benefits`;
/*!40101 SET @saved_cs_client     = @@character_set_client */;
/*!50503 SET character_set_client = utf8mb4 */;
CREATE TABLE `benefits` (
  `id` bigint unsigned NOT NULL AUTO_INCREMENT,
  `parentId` bigint NOT NULL DEFAULT '0',
  `numOfDays` tinyint(1) NOT NULL DEFAULT '0',
  `name` varchar(255) COLLATE utf8mb4_unicode_ci NOT NULL,
  `label` varchar(255) COLLATE utf8mb4_unicode_ci NOT NULL,
  `description` text COLLATE utf8mb4_unicode_ci,
  `notActive` tinyint(1) NOT NULL DEFAULT '0',
  `created_at` timestamp NULL DEFAULT NULL,
  `updated_at` timestamp NULL DEFAULT NULL,
  PRIMARY KEY (`id`),
  UNIQUE KEY `benefits_label_unique` (`label`)
) ENGINE=InnoDB AUTO_INCREMENT=7 DEFAULT CHARSET=utf8mb4 COLLATE=utf8mb4_unicode_ci;
/*!40101 SET character_set_client = @saved_cs_client */;

--
-- Dumping data for table `benefits`
--

LOCK TABLES `benefits` WRITE;
/*!40000 ALTER TABLE `benefits` DISABLE KEYS */;
INSERT INTO `benefits` VALUES (1,0,0,'AIRPORT SHUTTLE','airport-shuttle','Airport shuttle',0,'2022-01-13 08:36:23','2022-01-13 08:36:23'),(2,0,1,'PER DIEM','per-diem','Per diem',0,'2022-01-13 08:42:11','2022-01-13 08:42:11'),(3,2,1,'LAG/ABJ/PH/CAL','lagabjphcal','Category A',0,'2022-01-13 08:42:37','2022-01-13 08:42:37'),(4,2,1,'WR & ALL STATE CAPITALS','wr-all-state-capitals','Category B',0,'2022-01-13 08:42:56','2022-01-13 08:42:56'),(5,2,1,'OTHERS','others','Category C',0,'2022-01-13 08:43:13','2022-01-13 08:43:13'),(6,0,0,'LOCAL FLIGHT SHUTTLE','local-flight-shuttle','FLIGHT TICKET',0,'2022-01-13 08:46:19','2022-01-13 08:46:19');
/*!40000 ALTER TABLE `benefits` ENABLE KEYS */;
UNLOCK TABLES;

--
-- Table structure for table `budget_heads`
--

DROP TABLE IF EXISTS `budget_heads`;
/*!40101 SET @saved_cs_client     = @@character_set_client */;
/*!50503 SET character_set_client = utf8mb4 */;
CREATE TABLE `budget_heads` (
  `id` bigint unsigned NOT NULL AUTO_INCREMENT,
  `budgetId` bigint NOT NULL DEFAULT '0',
  `name` varchar(255) COLLATE utf8mb4_unicode_ci NOT NULL,
  `label` varchar(255) COLLATE utf8mb4_unicode_ci NOT NULL,
  `created_at` timestamp NULL DEFAULT NULL,
  `updated_at` timestamp NULL DEFAULT NULL,
  PRIMARY KEY (`id`),
  UNIQUE KEY `budget_heads_label_unique` (`label`)
) ENGINE=InnoDB AUTO_INCREMENT=22 DEFAULT CHARSET=utf8mb4 COLLATE=utf8mb4_unicode_ci;
/*!40101 SET character_set_client = @saved_cs_client */;

--
-- Dumping data for table `budget_heads`
--

LOCK TABLES `budget_heads` WRITE;
/*!40000 ALTER TABLE `budget_heads` DISABLE KEYS */;
INSERT INTO `budget_heads` VALUES (1,4,'POLAKU PIPEMILL IMPLEMENTATION','polaku-pipemill-implementation','2021-11-29 08:01:54','2021-11-29 08:01:54'),(2,5,'RESEARCH STUDIES, SURVEYS AND INVESTIGATION','research-studies-surveys-and-investigation','2021-11-29 08:01:54','2021-11-29 08:01:54'),(3,6,'HUMAN CAPITAL DEVELOPMENT PROGRAMMES','human-capital-development-programmes','2021-11-29 08:01:55','2021-11-29 08:01:55'),(4,7,'ICT PROGRAMME CENTRES FOR SCHOOLS','ict-programme-centres-for-schools','2021-11-29 08:01:55','2021-11-29 08:01:55'),(5,9,'NIGERIAN OIL AND GAS PARKS(NOGAPS)','nigerian-oil-and-gas-parksnogaps','2021-11-29 08:01:55','2021-11-29 08:01:55'),(6,10,'RENT AND RENOVATION OF HEAD QUARTERS BUILDINGS, LIASON OFFICES AND ZONAL OFFICES','rent-and-renovation-of-head-quarters-buildings-liason-offices-and-zonal-offices','2021-11-29 08:01:55','2021-11-29 08:01:55'),(7,11,'CAPACITY BUILDING WORKSHOPS, CONFERENCES, TRAINING AND SYMPOSIA','capacity-building-workshops-conferences-training-and-symposia','2021-11-29 08:01:55','2021-11-29 08:01:55'),(8,12,'LEGAL ADVISORY AND LITIGATION SUPPORT','legal-advisory-and-litigation-support','2021-11-29 08:01:55','2021-11-29 08:01:55'),(9,13,'HR SERVICES AND CONSULTANCY','hr-services-and-consultancy','2021-11-29 08:01:55','2021-11-29 08:01:55'),(10,14,'LOGISTICS AND INFRASTRUCTURE FOR DATA CENTRES','logistics-and-infrastructure-for-data-centres','2021-11-29 08:01:55','2021-11-29 08:01:55'),(11,15,'MONITORING AND COMPLIANCE ENFORCEMENT','monitoring-and-compliance-enforcement','2021-11-29 08:01:55','2021-11-29 08:01:55'),(12,16,'PROJECT AND EVALUATION, INDUSTRY CONTRACTING PROCESS SUPORT','project-and-evaluation-industry-contracting-process-suport','2021-11-29 08:01:55','2021-11-29 08:01:55'),(13,18,'NCDF ADMINISTRATION','ncdf-administration','2021-11-29 08:01:55','2021-11-29 08:01:55'),(14,19,'HEAD QUARTERS BUILDING PROJECT','head-quarters-building-project','2021-11-29 08:01:55','2021-11-29 08:01:55'),(15,20,'FINANCIAL SERVICES AND CONSULTING','financial-services-and-consulting','2021-11-29 08:01:55','2021-11-29 08:01:55'),(16,22,'INDUSTRY SPECIALIST EXCHANGE PROGRAMME','industry-specialist-exchange-programme','2021-11-29 08:01:55','2021-11-29 08:01:55'),(17,23,'SENSITIZATION PROGRAMME','sensitization-programme','2021-11-29 08:01:55','2021-11-29 08:01:55'),(18,24,'PUBLIC AFFAIRS, PUBLICITY AND PUBLICATION','public-affairs-publicity-and-publication','2021-11-29 08:01:55','2021-11-29 08:01:55'),(19,25,'CAPACITY BUILDING AND ARTISANAL TRAINING IN THE NORTH EAST','capacity-building-and-artisanal-training-in-the-north-east','2021-11-29 08:01:55','2021-11-29 08:01:55'),(20,26,'CRITICAL INTERVENTION COMMERCIAL VENTURES','critical-intervention-commercial-ventures','2021-11-29 08:01:55','2021-11-29 08:01:55'),(21,27,'CRITICAL DIRECT INTERVENTION','critical-direct-intervention','2021-11-29 08:01:55','2021-11-29 08:01:55');
/*!40000 ALTER TABLE `budget_heads` ENABLE KEYS */;
UNLOCK TABLES;

--
-- Table structure for table `claims`
--

DROP TABLE IF EXISTS `claims`;
/*!40101 SET @saved_cs_client     = @@character_set_client */;
/*!50503 SET character_set_client = utf8mb4 */;
CREATE TABLE `claims` (
  `id` bigint unsigned NOT NULL AUTO_INCREMENT,
  `user_id` bigint unsigned NOT NULL,
  `title` text COLLATE utf8mb4_unicode_ci NOT NULL,
  `reference_no` varchar(255) COLLATE utf8mb4_unicode_ci NOT NULL,
  `total_amount` decimal(30,2) NOT NULL DEFAULT '0.00',
  `type` enum('staff-claim','touring-advance','third-party') COLLATE utf8mb4_unicode_ci NOT NULL DEFAULT 'staff-claim',
  `status` enum('pending','registered','unregistered','cleared','batched','queried','paid') COLLATE utf8mb4_unicode_ci NOT NULL DEFAULT 'pending',
  `paid` tinyint(1) NOT NULL DEFAULT '0',
  `created_at` timestamp NULL DEFAULT NULL,
  `updated_at` timestamp NULL DEFAULT NULL,
  PRIMARY KEY (`id`),
  UNIQUE KEY `claims_reference_no_unique` (`reference_no`),
  KEY `claims_user_id_foreign` (`user_id`),
  CONSTRAINT `claims_user_id_foreign` FOREIGN KEY (`user_id`) REFERENCES `users` (`id`) ON DELETE CASCADE
) ENGINE=InnoDB AUTO_INCREMENT=3 DEFAULT CHARSET=utf8mb4 COLLATE=utf8mb4_unicode_ci;
/*!40101 SET character_set_client = @saved_cs_client */;

--
-- Dumping data for table `claims`
--

LOCK TABLES `claims` WRITE;
/*!40000 ALTER TABLE `claims` DISABLE KEYS */;
INSERT INTO `claims` VALUES (1,2,'MVC Visual Studio C Sharp Training','M45UPIKZ',350000.00,'staff-claim','batched',0,'2022-01-13 09:10:36','2022-01-31 12:16:50'),(2,1,'Trip to Los Angeles','QKHB6PCY',350000.00,'staff-claim','batched',0,'2022-01-31 12:14:36','2022-01-31 12:16:50');
/*!40000 ALTER TABLE `claims` ENABLE KEYS */;
UNLOCK TABLES;

--
-- Table structure for table `credit_budget_heads`
--

DROP TABLE IF EXISTS `credit_budget_heads`;
/*!40101 SET @saved_cs_client     = @@character_set_client */;
/*!50503 SET character_set_client = utf8mb4 */;
CREATE TABLE `credit_budget_heads` (
  `id` bigint unsigned NOT NULL AUTO_INCREMENT,
  `sub_budget_head_id` bigint unsigned NOT NULL,
  `description` text COLLATE utf8mb4_unicode_ci NOT NULL,
  `approved_amount` decimal(30,2) NOT NULL DEFAULT '0.00',
  `booked_expenditure` decimal(30,2) NOT NULL DEFAULT '0.00',
  `actual_expenditure` decimal(30,2) NOT NULL DEFAULT '0.00',
  `booked_balance` decimal(30,2) NOT NULL DEFAULT '0.00',
  `actual_balance` decimal(30,2) NOT NULL DEFAULT '0.00',
  `expected_performance` bigint NOT NULL DEFAULT '0',
  `actual_performance` bigint NOT NULL DEFAULT '0',
  `budget_year` int NOT NULL DEFAULT '0',
  `exhausted` tinyint(1) NOT NULL DEFAULT '0',
  `created_at` timestamp NULL DEFAULT NULL,
  `updated_at` timestamp NULL DEFAULT NULL,
  PRIMARY KEY (`id`),
  KEY `credit_budget_heads_sub_budget_head_id_foreign` (`sub_budget_head_id`),
  CONSTRAINT `credit_budget_heads_sub_budget_head_id_foreign` FOREIGN KEY (`sub_budget_head_id`) REFERENCES `sub_budget_heads` (`id`) ON DELETE CASCADE
) ENGINE=InnoDB AUTO_INCREMENT=275 DEFAULT CHARSET=utf8mb4 COLLATE=utf8mb4_unicode_ci;
/*!40101 SET character_set_client = @saved_cs_client */;

--
-- Dumping data for table `credit_budget_heads`
--

LOCK TABLES `credit_budget_heads` WRITE;
/*!40000 ALTER TABLE `credit_budget_heads` DISABLE KEYS */;
INSERT INTO `credit_budget_heads` VALUES (1,1,'FUNDING',25000000.00,0.00,0.00,25000000.00,25000000.00,0,0,2021,0,'2021-11-29 08:50:34','2021-11-29 08:50:34'),(2,2,'FUNDING',500000000.00,0.00,0.00,500000000.00,500000000.00,0,0,2021,0,'2021-11-29 08:50:34','2021-11-29 08:50:34'),(3,3,'FUNDING',400000000.00,0.00,0.00,400000000.00,400000000.00,0,0,2021,0,'2021-11-29 08:50:34','2021-11-29 08:50:34'),(4,4,'FUNDING',10000000.00,0.00,0.00,10000000.00,10000000.00,0,0,2021,0,'2021-11-29 08:50:34','2021-11-29 08:50:34'),(5,5,'FUNDING',150000000.00,0.00,0.00,150000000.00,150000000.00,0,0,2021,0,'2021-11-29 08:50:34','2021-11-29 08:50:34'),(6,6,'FUNDING',77000000.00,0.00,0.00,77000000.00,77000000.00,0,0,2021,0,'2021-11-29 08:50:34','2021-11-29 08:50:34'),(7,7,'FUNDING',75000000.00,0.00,0.00,75000000.00,75000000.00,0,0,2021,0,'2021-11-29 08:50:34','2021-11-29 08:50:34'),(8,8,'FUNDING',36750000.00,0.00,0.00,36750000.00,36750000.00,0,0,2021,0,'2021-11-29 08:50:34','2021-11-29 08:50:34'),(9,9,'FUNDING',50000000.00,0.00,0.00,50000000.00,50000000.00,0,0,2021,0,'2021-11-29 08:50:34','2021-11-29 08:50:34'),(10,10,'FUNDING',40000000.00,0.00,0.00,40000000.00,40000000.00,0,0,2021,0,'2021-11-29 08:50:34','2021-11-29 08:50:34'),(11,11,'FUNDING',20000000.00,0.00,0.00,20000000.00,20000000.00,0,0,2021,0,'2021-11-29 08:50:34','2021-11-29 08:50:34'),(12,12,'FUNDING',10000000.00,0.00,0.00,10000000.00,10000000.00,0,0,2021,0,'2021-11-29 08:50:34','2021-11-29 08:50:34'),(13,13,'FUNDING',105000000.00,0.00,0.00,105000000.00,105000000.00,0,0,2021,0,'2021-11-29 08:50:34','2021-11-29 08:50:34'),(14,14,'FUNDING',20000000.00,0.00,0.00,20000000.00,20000000.00,0,0,2021,0,'2021-11-29 08:50:34','2021-11-29 08:50:34'),(15,15,'FUNDING',15000000.00,0.00,0.00,15000000.00,15000000.00,0,0,2021,0,'2021-11-29 08:50:34','2021-11-29 08:50:34'),(16,16,'FUNDING',175000000.00,0.00,0.00,175000000.00,175000000.00,0,0,2021,0,'2021-11-29 08:50:34','2021-11-29 08:50:34'),(17,17,'FUNDING',3173275.00,0.00,0.00,3173275.00,3173275.00,0,0,2021,0,'2021-11-29 08:50:34','2021-11-29 08:50:34'),(18,18,'FUNDING',28000000.00,0.00,0.00,28000000.00,28000000.00,0,0,2021,0,'2021-11-29 08:50:34','2021-11-29 08:50:34'),(19,19,'FUNDING',10000000.00,0.00,0.00,10000000.00,10000000.00,0,0,2021,0,'2021-11-29 08:50:34','2021-11-29 08:50:34'),(20,20,'FUNDING',87500000.00,0.00,0.00,87500000.00,87500000.00,0,0,2021,0,'2021-11-29 08:50:34','2021-11-29 08:50:34'),(21,21,'FUNDING',175000000.00,0.00,0.00,175000000.00,175000000.00,0,0,2021,0,'2021-11-29 08:50:34','2021-11-29 08:50:34'),(22,22,'FUNDING',174003748.80,0.00,0.00,174003748.80,174003748.80,0,0,2021,0,'2021-11-29 08:50:34','2021-11-29 08:50:34'),(23,23,'FUNDING',87500000.00,0.00,0.00,87500000.00,87500000.00,0,0,2021,0,'2021-11-29 08:50:34','2021-11-29 08:50:34'),(24,24,'FUNDING',245000000.00,0.00,0.00,245000000.00,245000000.00,0,0,2021,0,'2021-11-29 08:50:34','2021-11-29 08:50:34'),(25,25,'FUNDING',70000000.00,0.00,0.00,70000000.00,70000000.00,0,0,2021,0,'2021-11-29 08:50:34','2021-11-29 08:50:34'),(26,26,'FUNDING',10000000.00,0.00,0.00,10000000.00,10000000.00,0,0,2021,0,'2021-11-29 08:50:34','2021-11-29 08:50:34'),(27,27,'FUNDING',70000000.00,0.00,0.00,70000000.00,70000000.00,0,0,2021,0,'2021-11-29 08:50:34','2021-11-29 08:50:34'),(28,28,'FUNDING',105000000.00,0.00,0.00,105000000.00,105000000.00,0,0,2021,0,'2021-11-29 08:50:34','2021-11-29 08:50:34'),(29,29,'FUNDING',180000000.00,0.00,0.00,180000000.00,180000000.00,0,0,2021,0,'2021-11-29 08:50:34','2021-11-29 08:50:34'),(30,30,'FUNDING',100000000.00,0.00,0.00,100000000.00,100000000.00,0,0,2021,0,'2021-11-29 08:50:34','2021-11-29 08:50:34'),(31,31,'FUNDING',19250000.00,0.00,0.00,19250000.00,19250000.00,0,0,2021,0,'2021-11-29 08:50:34','2021-11-29 08:50:34'),(32,32,'FUNDING',35000000.00,0.00,0.00,35000000.00,35000000.00,0,0,2021,0,'2021-11-29 08:50:34','2021-11-29 08:50:34'),(33,33,'FUNDING',250000000.00,0.00,0.00,250000000.00,250000000.00,0,0,2021,0,'2021-11-29 08:50:34','2021-11-29 08:50:34'),(34,34,'FUNDING',200000000.00,0.00,0.00,200000000.00,200000000.00,0,0,2021,0,'2021-11-29 08:50:34','2021-11-29 08:50:34'),(35,35,'FUNDING',210000000.00,0.00,0.00,210000000.00,210000000.00,0,0,2021,0,'2021-11-29 08:50:34','2021-11-29 08:50:34'),(36,36,'FUNDING',200000000.00,0.00,0.00,200000000.00,200000000.00,0,0,2021,0,'2021-11-29 08:50:34','2021-11-29 08:50:34'),(37,37,'FUNDING',53536073.66,0.00,0.00,53536073.66,53536073.66,0,0,2021,0,'2021-11-29 08:50:34','2021-11-29 08:50:34'),(38,38,'FUNDING',150000000.00,0.00,0.00,150000000.00,150000000.00,0,0,2021,0,'2021-11-29 08:50:34','2021-11-29 08:50:34'),(39,39,'FUNDING',140000000.00,0.00,0.00,140000000.00,140000000.00,0,0,2021,0,'2021-11-29 08:50:34','2021-11-29 08:50:34'),(40,40,'FUNDING',100000000.00,0.00,0.00,100000000.00,100000000.00,0,0,2021,0,'2021-11-29 08:50:34','2021-11-29 08:50:34'),(41,41,'FUNDING',70000000.00,0.00,0.00,70000000.00,70000000.00,0,0,2021,0,'2021-11-29 08:50:34','2021-11-29 08:50:34'),(42,42,'FUNDING',87500000.00,0.00,0.00,87500000.00,87500000.00,0,0,2021,0,'2021-11-29 08:50:34','2021-11-29 08:50:34'),(43,43,'FUNDING',50000000.00,0.00,0.00,50000000.00,50000000.00,0,0,2021,0,'2021-11-29 08:50:34','2021-11-29 08:50:34'),(44,44,'FUNDING',210000000.00,0.00,0.00,210000000.00,210000000.00,0,0,2021,0,'2021-11-29 08:50:34','2021-11-29 08:50:34'),(45,45,'FUNDING',15332370.50,0.00,0.00,15332370.50,15332370.50,0,0,2021,0,'2021-11-29 08:50:34','2021-11-29 08:50:34'),(46,46,'FUNDING',50000000.00,0.00,0.00,50000000.00,50000000.00,0,0,2021,0,'2021-11-29 08:50:34','2021-11-29 08:50:34'),(47,47,'FUNDING',18256100.00,0.00,0.00,18256100.00,18256100.00,0,0,2021,0,'2021-11-29 08:50:34','2021-11-29 08:50:34'),(48,48,'FUNDING',250000000.00,0.00,0.00,250000000.00,250000000.00,0,0,2021,0,'2021-11-29 08:50:34','2021-11-29 08:50:34'),(49,49,'FUNDING',133277523.17,0.00,0.00,133277523.17,133277523.17,0,0,2021,0,'2021-11-29 08:50:34','2021-11-29 08:50:34'),(50,50,'FUNDING',150000000.00,0.00,0.00,150000000.00,150000000.00,0,0,2021,0,'2021-11-29 08:50:34','2021-11-29 08:50:34'),(51,51,'FUNDING',2000000000.00,0.00,0.00,2000000000.00,2000000000.00,0,0,2021,0,'2021-11-29 08:50:34','2021-11-29 08:50:34'),(52,52,'FUNDING',150000000.00,0.00,0.00,150000000.00,150000000.00,0,0,2021,0,'2021-11-29 08:50:34','2021-11-29 08:50:34'),(53,53,'FUNDING',150000000.00,0.00,0.00,150000000.00,150000000.00,0,0,2021,0,'2021-11-29 08:50:34','2021-11-29 08:50:34'),(54,54,'FUNDING',150000000.00,0.00,0.00,150000000.00,150000000.00,0,0,2021,0,'2021-11-29 08:50:34','2021-11-29 08:50:34'),(55,55,'FUNDING',150000000.00,0.00,0.00,150000000.00,150000000.00,0,0,2021,0,'2021-11-29 08:50:34','2021-11-29 08:50:34'),(56,56,'FUNDING',300000000.00,0.00,0.00,300000000.00,300000000.00,0,0,2021,0,'2021-11-29 08:50:34','2021-11-29 08:50:34'),(57,57,'FUNDING',150000000.00,0.00,0.00,150000000.00,150000000.00,0,0,2021,0,'2021-11-29 08:50:34','2021-11-29 08:50:34'),(58,58,'FUNDING',150000000.00,0.00,0.00,150000000.00,150000000.00,0,0,2021,0,'2021-11-29 08:50:34','2021-11-29 08:50:34'),(59,59,'FUNDING',150000000.00,0.00,0.00,150000000.00,150000000.00,0,0,2021,0,'2021-11-29 08:50:34','2021-11-29 08:50:34'),(60,60,'FUNDING',150000000.00,0.00,0.00,150000000.00,150000000.00,0,0,2021,0,'2021-11-29 08:50:34','2021-11-29 08:50:34'),(61,61,'FUNDING',150000000.00,0.00,0.00,150000000.00,150000000.00,0,0,2021,0,'2021-11-29 08:50:34','2021-11-29 08:50:34'),(62,62,'FUNDING',150000000.00,0.00,0.00,150000000.00,150000000.00,0,0,2021,0,'2021-11-29 08:50:34','2021-11-29 08:50:34'),(63,63,'FUNDING',150000000.00,0.00,0.00,150000000.00,150000000.00,0,0,2021,0,'2021-11-29 08:50:34','2021-11-29 08:50:34'),(64,64,'FUNDING',37500000.00,0.00,0.00,37500000.00,37500000.00,0,0,2021,0,'2021-11-29 08:50:34','2021-11-29 08:50:34'),(65,65,'FUNDING',150000000.00,0.00,0.00,150000000.00,150000000.00,0,0,2021,0,'2021-11-29 08:50:34','2021-11-29 08:50:34'),(66,66,'FUNDING',900000000.00,0.00,0.00,900000000.00,900000000.00,0,0,2021,0,'2021-11-29 08:50:34','2021-11-29 08:50:34'),(67,67,'FUNDING',150000000.00,0.00,0.00,150000000.00,150000000.00,0,0,2021,0,'2021-11-29 08:50:34','2021-11-29 08:50:34'),(68,68,'FUNDING',175000000.00,0.00,0.00,175000000.00,175000000.00,0,0,2021,0,'2021-11-29 08:50:34','2021-11-29 08:50:34'),(69,69,'FUNDING',158897437.23,0.00,0.00,158897437.23,158897437.23,0,0,2021,0,'2021-11-29 08:50:34','2021-11-29 08:50:34'),(70,70,'FUNDING',175000000.00,0.00,0.00,175000000.00,175000000.00,0,0,2021,0,'2021-11-29 08:50:34','2021-11-29 08:50:34'),(71,71,'FUNDING',150000000.00,0.00,0.00,150000000.00,150000000.00,0,0,2021,0,'2021-11-29 08:50:34','2021-11-29 08:50:34'),(72,72,'FUNDING',175000000.00,0.00,0.00,175000000.00,175000000.00,0,0,2021,0,'2021-11-29 08:50:34','2021-11-29 08:50:34'),(73,73,'FUNDING',50000000.00,0.00,0.00,50000000.00,50000000.00,0,0,2021,0,'2021-11-29 08:50:34','2021-11-29 08:50:34'),(74,74,'FUNDING',31159796.68,0.00,0.00,31159796.68,31159796.68,0,0,2021,0,'2021-11-29 08:50:34','2021-11-29 08:50:34'),(75,75,'FUNDING',175000000.00,0.00,0.00,175000000.00,175000000.00,0,0,2021,0,'2021-11-29 08:50:34','2021-11-29 08:50:34'),(76,76,'FUNDING',37500000.00,0.00,0.00,37500000.00,37500000.00,0,0,2021,0,'2021-11-29 08:50:34','2021-11-29 08:50:34'),(77,77,'FUNDING',165000000.00,0.00,0.00,165000000.00,165000000.00,0,0,2021,0,'2021-11-29 08:50:34','2021-11-29 08:50:34'),(78,78,'FUNDING',165000000.00,0.00,0.00,165000000.00,165000000.00,0,0,2021,0,'2021-11-29 08:50:34','2021-11-29 08:50:34'),(79,79,'FUNDING',37500000.00,0.00,0.00,37500000.00,37500000.00,0,0,2021,0,'2021-11-29 08:50:34','2021-11-29 08:50:34'),(80,80,'FUNDING',37500000.00,0.00,0.00,37500000.00,37500000.00,0,0,2021,0,'2021-11-29 08:50:34','2021-11-29 08:50:34'),(81,81,'FUNDING',37500000.00,0.00,0.00,37500000.00,37500000.00,0,0,2021,0,'2021-11-29 08:50:34','2021-11-29 08:50:34'),(82,82,'FUNDING',37500000.00,0.00,0.00,37500000.00,37500000.00,0,0,2021,0,'2021-11-29 08:50:34','2021-11-29 08:50:34'),(83,83,'FUNDING',37500000.00,0.00,0.00,37500000.00,37500000.00,0,0,2021,0,'2021-11-29 08:50:34','2021-11-29 08:50:34'),(84,84,'FUNDING',37500000.00,0.00,0.00,37500000.00,37500000.00,0,0,2021,0,'2021-11-29 08:50:34','2021-11-29 08:50:34'),(85,85,'FUNDING',37500000.00,0.00,0.00,37500000.00,37500000.00,0,0,2021,0,'2021-11-29 08:50:34','2021-11-29 08:50:34'),(86,86,'FUNDING',37500000.00,0.00,0.00,37500000.00,37500000.00,0,0,2021,0,'2021-11-29 08:50:34','2021-11-29 08:50:34'),(87,87,'FUNDING',37500000.00,0.00,0.00,37500000.00,37500000.00,0,0,2021,0,'2021-11-29 08:50:34','2021-11-29 08:50:34'),(88,88,'FUNDING',150000000.00,0.00,0.00,150000000.00,150000000.00,0,0,2021,0,'2021-11-29 08:50:34','2021-11-29 08:50:34'),(89,89,'FUNDING',93660000.00,0.00,0.00,93660000.00,93660000.00,0,0,2021,0,'2021-11-29 08:50:34','2021-11-29 08:50:34'),(90,90,'FUNDING',685722007.73,0.00,0.00,685722007.73,685722007.73,0,0,2021,0,'2021-11-29 08:50:34','2021-11-29 08:50:34'),(91,91,'FUNDING',1415000000.00,0.00,0.00,1415000000.00,1415000000.00,0,0,2021,0,'2021-11-29 08:50:34','2021-11-29 08:50:34'),(92,92,'FUNDING',122378163.65,0.00,0.00,122378163.65,122378163.65,0,0,2021,0,'2021-11-29 08:50:34','2021-11-29 08:50:34'),(93,93,'FUNDING',280000000.00,0.00,0.00,280000000.00,280000000.00,0,0,2021,0,'2021-11-29 08:50:34','2021-11-29 08:50:34'),(94,94,'FUNDING',650000000.00,0.00,0.00,650000000.00,650000000.00,0,0,2021,0,'2021-11-29 08:50:34','2021-11-29 08:50:34'),(95,95,'FUNDING',1400000000.00,0.00,0.00,1400000000.00,1400000000.00,0,0,2021,0,'2021-11-29 08:50:34','2021-11-29 08:50:34'),(96,96,'FUNDING',240000000.00,0.00,0.00,240000000.00,240000000.00,0,0,2021,0,'2021-11-29 08:50:34','2021-11-29 08:50:34'),(97,97,'FUNDING',50000000.00,0.00,0.00,50000000.00,50000000.00,0,0,2021,0,'2021-11-29 08:50:34','2021-11-29 08:50:34'),(98,98,'FUNDING',100000000.00,0.00,0.00,100000000.00,100000000.00,0,0,2021,0,'2021-11-29 08:50:34','2021-11-29 08:50:34'),(99,99,'FUNDING',1050000000.00,0.00,0.00,1050000000.00,1050000000.00,0,0,2021,0,'2021-11-29 08:50:34','2021-11-29 08:50:34'),(100,100,'FUNDING',2100000000.00,0.00,0.00,2100000000.00,2100000000.00,0,0,2021,0,'2021-11-29 08:50:34','2021-11-29 08:50:34'),(101,101,'FUNDING',150000000.00,0.00,0.00,150000000.00,150000000.00,0,0,2021,0,'2021-11-29 08:50:34','2021-11-29 08:50:34'),(102,102,'FUNDING',0.00,0.00,0.00,0.00,0.00,0,0,2021,0,'2021-11-29 08:50:34','2021-11-29 08:50:34'),(103,103,'FUNDING',0.00,0.00,0.00,0.00,0.00,0,0,2021,0,'2021-11-29 08:50:34','2021-11-29 08:50:34'),(104,104,'FUNDING',20000000.00,0.00,0.00,20000000.00,20000000.00,0,0,2021,0,'2021-11-29 08:50:34','2021-11-29 08:50:34'),(105,105,'FUNDING',500000000.00,0.00,0.00,500000000.00,500000000.00,0,0,2021,0,'2021-11-29 08:50:34','2021-11-29 08:50:34'),(106,106,'FUNDING',60000000.00,0.00,0.00,60000000.00,60000000.00,0,0,2021,0,'2021-11-29 08:50:34','2021-11-29 08:50:34'),(107,107,'FUNDING',30000000.00,0.00,0.00,30000000.00,30000000.00,0,0,2021,0,'2021-11-29 08:50:34','2021-11-29 08:50:34'),(108,108,'FUNDING',300000000.00,0.00,0.00,300000000.00,300000000.00,0,0,2021,0,'2021-11-29 08:50:34','2021-11-29 08:50:34'),(109,109,'FUNDING',400000000.00,0.00,0.00,400000000.00,400000000.00,0,0,2021,0,'2021-11-29 08:50:34','2021-11-29 08:50:34'),(110,110,'FUNDING',320000000.00,0.00,0.00,320000000.00,320000000.00,0,0,2021,0,'2021-11-29 08:50:34','2021-11-29 08:50:34'),(111,111,'FUNDING',100000000.00,0.00,0.00,100000000.00,100000000.00,0,0,2021,0,'2021-11-29 08:50:34','2021-11-29 08:50:34'),(112,112,'FUNDING',80000000.00,0.00,0.00,80000000.00,80000000.00,0,0,2021,0,'2021-11-29 08:50:34','2021-11-29 08:50:34'),(113,113,'FUNDING',600000000.00,0.00,0.00,600000000.00,600000000.00,0,0,2021,0,'2021-11-29 08:50:34','2021-11-29 08:50:34'),(114,114,'FUNDING',80000000.00,0.00,0.00,80000000.00,80000000.00,0,0,2021,0,'2021-11-29 08:50:34','2021-11-29 08:50:34'),(115,115,'FUNDING',25000000.00,0.00,0.00,25000000.00,25000000.00,0,0,2021,0,'2021-11-29 08:50:34','2021-11-29 08:50:34'),(116,116,'FUNDING',60000000.00,0.00,0.00,60000000.00,60000000.00,0,0,2021,0,'2021-11-29 08:50:34','2021-11-29 08:50:34'),(117,117,'FUNDING',100000000.00,0.00,0.00,100000000.00,100000000.00,0,0,2021,0,'2021-11-29 08:50:34','2021-11-29 08:50:34'),(118,118,'FUNDING',150000000.00,0.00,0.00,150000000.00,150000000.00,0,0,2021,0,'2021-11-29 08:50:34','2021-11-29 08:50:34'),(119,119,'FUNDING',20000000.00,0.00,0.00,20000000.00,20000000.00,0,0,2021,0,'2021-11-29 08:50:34','2021-11-29 08:50:34'),(120,120,'FUNDING',60000000.00,0.00,0.00,60000000.00,60000000.00,0,0,2021,0,'2021-11-29 08:50:34','2021-11-29 08:50:34'),(121,121,'FUNDING',50000000.00,0.00,0.00,50000000.00,50000000.00,0,0,2021,0,'2021-11-29 08:50:34','2021-11-29 08:50:34'),(122,122,'FUNDING',15000000.00,0.00,0.00,15000000.00,15000000.00,0,0,2021,0,'2021-11-29 08:50:34','2021-11-29 08:50:34'),(123,123,'FUNDING',700000000.00,0.00,0.00,700000000.00,700000000.00,0,0,2021,0,'2021-11-29 08:50:34','2021-11-29 08:50:34'),(124,124,'FUNDING',8818877430.97,0.00,0.00,8818877430.97,8818877430.97,0,0,2021,0,'2021-11-29 08:50:34','2021-11-29 08:50:34'),(125,125,'FUNDING',282000000.00,0.00,0.00,282000000.00,282000000.00,0,0,2021,0,'2021-11-29 08:50:34','2021-11-29 08:50:34'),(126,126,'FUNDING',270000000.00,0.00,0.00,270000000.00,270000000.00,0,0,2021,0,'2021-11-29 08:50:34','2021-11-29 08:50:34'),(127,127,'FUNDING',500000000.00,0.00,0.00,500000000.00,500000000.00,0,0,2021,0,'2021-11-29 08:50:34','2021-11-29 08:50:34'),(128,128,'FUNDING',7000000.00,0.00,0.00,7000000.00,7000000.00,0,0,2021,0,'2021-11-29 08:50:34','2021-11-29 08:50:34'),(129,129,'FUNDING',90000000.00,0.00,0.00,90000000.00,90000000.00,0,0,2021,0,'2021-11-29 08:50:34','2021-11-29 08:50:34'),(130,130,'FUNDING',250000000.00,0.00,0.00,250000000.00,250000000.00,0,0,2021,0,'2021-11-29 08:50:34','2021-11-29 08:50:34'),(131,131,'FUNDING',150000000.00,0.00,0.00,150000000.00,150000000.00,0,0,2021,0,'2021-11-29 08:50:34','2021-11-29 08:50:34'),(132,132,'FUNDING',448685672.09,0.00,0.00,448685672.09,448685672.09,0,0,2021,0,'2021-11-29 08:50:34','2021-11-29 08:50:34'),(133,133,'FUNDING',89737134.42,0.00,0.00,89737134.42,89737134.42,0,0,2021,0,'2021-11-29 08:50:34','2021-11-29 08:50:34'),(134,134,'FUNDING',150000000.00,0.00,0.00,150000000.00,150000000.00,0,0,2021,0,'2021-11-29 08:50:34','2021-11-29 08:50:34'),(135,135,'FUNDING',300000000.00,0.00,0.00,300000000.00,300000000.00,0,0,2021,0,'2021-11-29 08:50:34','2021-11-29 08:50:34'),(136,136,'FUNDING',500000000.00,0.00,0.00,500000000.00,500000000.00,0,0,2021,0,'2021-11-29 08:50:34','2021-11-29 08:50:34'),(137,137,'FUNDING',10000000.00,0.00,0.00,10000000.00,10000000.00,0,0,2021,0,'2021-11-29 08:50:34','2021-11-29 08:50:34'),(138,138,'FUNDING',137500000.00,0.00,0.00,137500000.00,137500000.00,0,0,2021,0,'2021-11-29 08:50:34','2021-11-29 08:50:34'),(139,139,'FUNDING',70000000.00,0.00,0.00,70000000.00,70000000.00,0,0,2021,0,'2021-11-29 08:50:34','2021-11-29 08:50:34'),(140,140,'FUNDING',10000000.00,0.00,0.00,10000000.00,10000000.00,0,0,2021,0,'2021-11-29 08:50:34','2021-11-29 08:50:34'),(141,141,'FUNDING',19000000.00,5000000.00,5000000.00,14000000.00,19000000.00,0,0,2021,0,'2021-11-29 08:50:34','2022-01-31 12:55:03'),(142,142,'FUNDING',50000000.00,0.00,0.00,50000000.00,50000000.00,0,0,2021,0,'2021-11-29 08:50:34','2021-11-29 08:50:34'),(143,143,'FUNDING',60000000.00,0.00,0.00,60000000.00,60000000.00,0,0,2021,0,'2021-11-29 08:50:34','2021-11-29 08:50:34'),(144,144,'FUNDING',30000000.00,0.00,0.00,30000000.00,30000000.00,0,0,2021,0,'2021-11-29 08:50:34','2021-11-29 08:50:34'),(145,145,'FUNDING',5000000.00,0.00,0.00,5000000.00,5000000.00,0,0,2021,0,'2021-11-29 08:50:34','2021-11-29 08:50:34'),(146,146,'FUNDING',27000000.00,0.00,0.00,27000000.00,27000000.00,0,0,2021,0,'2021-11-29 08:50:34','2021-11-29 08:50:34'),(147,147,'FUNDING',45000000.00,0.00,0.00,45000000.00,45000000.00,0,0,2021,0,'2021-11-29 08:50:34','2021-11-29 08:50:34'),(148,148,'FUNDING',100000000.00,0.00,0.00,100000000.00,100000000.00,0,0,2021,0,'2021-11-29 08:50:34','2021-11-29 08:50:34'),(149,149,'FUNDING',9500000.00,0.00,0.00,9500000.00,9500000.00,0,0,2021,0,'2021-11-29 08:50:34','2021-11-29 08:50:34'),(150,150,'FUNDING',46700000.00,0.00,0.00,46700000.00,46700000.00,0,0,2021,0,'2021-11-29 08:50:34','2021-11-29 08:50:34'),(151,151,'FUNDING',2500000.00,0.00,0.00,2500000.00,2500000.00,0,0,2021,0,'2021-11-29 08:50:34','2021-11-29 08:50:34'),(152,152,'FUNDING',17000000.00,0.00,0.00,17000000.00,17000000.00,0,0,2021,0,'2021-11-29 08:50:34','2021-11-29 08:50:34'),(153,153,'FUNDING',100000000.00,40000000.00,40000000.00,60000000.00,60000000.00,0,0,2021,0,'2021-11-29 08:50:34','2022-01-31 13:19:26'),(154,154,'FUNDING',63000000.00,0.00,0.00,63000000.00,63000000.00,0,0,2021,0,'2021-11-29 08:50:34','2021-11-29 08:50:34'),(155,155,'FUNDING',37000000.00,0.00,0.00,37000000.00,37000000.00,0,0,2021,0,'2021-11-29 08:50:34','2021-11-29 08:50:34'),(156,156,'FUNDING',10000000.00,0.00,0.00,10000000.00,10000000.00,0,0,2021,0,'2021-11-29 08:50:34','2021-11-29 08:50:34'),(157,157,'FUNDING',48000000.00,0.00,0.00,48000000.00,48000000.00,0,0,2021,0,'2021-11-29 08:50:34','2021-11-29 08:50:34'),(158,158,'FUNDING',9500000.00,0.00,0.00,9500000.00,9500000.00,0,0,2021,0,'2021-11-29 08:50:34','2021-11-29 08:50:34'),(159,159,'FUNDING',32000000.00,0.00,0.00,32000000.00,32000000.00,0,0,2021,0,'2021-11-29 08:50:35','2021-11-29 08:50:35'),(160,160,'FUNDING',7000000.00,0.00,0.00,7000000.00,7000000.00,0,0,2021,0,'2021-11-29 08:50:35','2021-11-29 08:50:35'),(161,161,'FUNDING',12000000.00,0.00,0.00,12000000.00,12000000.00,0,0,2021,0,'2021-11-29 08:50:35','2021-11-29 08:50:35'),(162,162,'FUNDING',100000000.00,0.00,0.00,100000000.00,100000000.00,0,0,2021,0,'2021-11-29 08:50:35','2021-11-29 08:50:35'),(163,163,'FUNDING',138000000.00,0.00,0.00,138000000.00,138000000.00,0,0,2021,0,'2021-11-29 08:50:35','2021-11-29 08:50:35'),(164,164,'FUNDING',1000000000.00,0.00,0.00,1000000000.00,1000000000.00,0,0,2021,0,'2021-11-29 08:50:35','2021-11-29 08:50:35'),(165,165,'FUNDING',280000000.00,0.00,0.00,280000000.00,280000000.00,0,0,2021,0,'2021-11-29 08:50:35','2021-11-29 08:50:35'),(166,166,'FUNDING',50000000.00,0.00,0.00,50000000.00,50000000.00,0,0,2021,0,'2021-11-29 08:50:35','2021-11-29 08:50:35'),(167,167,'FUNDING',65000000.00,0.00,0.00,65000000.00,65000000.00,0,0,2021,0,'2021-11-29 08:50:35','2021-11-29 08:50:35'),(168,168,'FUNDING',50000000.00,0.00,0.00,50000000.00,50000000.00,0,0,2021,0,'2021-11-29 08:50:35','2021-11-29 08:50:35'),(169,169,'FUNDING',28500000.00,0.00,0.00,28500000.00,28500000.00,0,0,2021,0,'2021-11-29 08:50:35','2021-11-29 08:50:35'),(170,170,'FUNDING',50000000.00,0.00,0.00,50000000.00,50000000.00,0,0,2021,0,'2021-11-29 08:50:35','2021-11-29 08:50:35'),(171,171,'FUNDING',25000000.00,0.00,0.00,25000000.00,25000000.00,0,0,2021,0,'2021-11-29 08:50:35','2021-11-29 08:50:35'),(172,172,'FUNDING',36300000.00,0.00,0.00,36300000.00,36300000.00,0,0,2021,0,'2021-11-29 08:50:35','2021-11-29 08:50:35'),(173,173,'FUNDING',25000000.00,0.00,0.00,25000000.00,25000000.00,0,0,2021,0,'2021-11-29 08:50:35','2021-11-29 08:50:35'),(174,174,'FUNDING',2709495.05,0.00,0.00,2709495.05,2709495.05,0,0,2021,0,'2021-11-29 08:50:35','2021-11-29 08:50:35'),(175,175,'FUNDING',250000000.00,0.00,0.00,250000000.00,250000000.00,0,0,2021,0,'2021-11-29 08:50:35','2021-11-29 08:50:35'),(176,176,'FUNDING',150000000.00,0.00,0.00,150000000.00,150000000.00,0,0,2021,0,'2021-11-29 08:50:35','2021-11-29 08:50:35'),(177,177,'FUNDING',8837552.54,0.00,0.00,8837552.54,8837552.54,0,0,2021,0,'2021-11-29 08:50:35','2021-11-29 08:50:35'),(178,178,'FUNDING',85000000.00,0.00,0.00,85000000.00,85000000.00,0,0,2021,0,'2021-11-29 08:50:35','2021-11-29 08:50:35'),(179,179,'FUNDING',100000000.00,0.00,0.00,100000000.00,100000000.00,0,0,2021,0,'2021-11-29 08:50:35','2021-11-29 08:50:35'),(180,180,'FUNDING',1500000000.00,0.00,0.00,1500000000.00,1500000000.00,0,0,2021,0,'2021-11-29 08:50:35','2021-11-29 08:50:35'),(181,181,'FUNDING',500000000.00,0.00,0.00,500000000.00,500000000.00,0,0,2021,0,'2021-11-29 08:50:35','2021-11-29 08:50:35'),(182,182,'FUNDING',35000000.00,0.00,0.00,35000000.00,35000000.00,0,0,2021,0,'2021-11-29 08:50:35','2021-11-29 08:50:35'),(183,183,'FUNDING',200000000.00,0.00,0.00,200000000.00,200000000.00,0,0,2021,0,'2021-11-29 08:50:35','2021-11-29 08:50:35'),(184,184,'FUNDING',420000000.00,0.00,0.00,420000000.00,420000000.00,0,0,2021,0,'2021-11-29 08:50:35','2021-11-29 08:50:35'),(185,185,'FUNDING',200000000.00,0.00,0.00,200000000.00,200000000.00,0,0,2021,0,'2021-11-29 08:50:35','2021-11-29 08:50:35'),(186,186,'FUNDING',5000000.00,0.00,0.00,5000000.00,5000000.00,0,0,2021,0,'2021-11-29 08:50:35','2021-11-29 08:50:35'),(187,187,'FUNDING',150000000.00,0.00,0.00,150000000.00,150000000.00,0,0,2021,0,'2021-11-29 08:50:35','2021-11-29 08:50:35'),(188,188,'FUNDING',1500000000.00,0.00,0.00,1500000000.00,1500000000.00,0,0,2021,0,'2021-11-29 08:50:35','2021-11-29 08:50:35'),(189,189,'FUNDING',250000000.00,0.00,0.00,250000000.00,250000000.00,0,0,2021,0,'2021-11-29 08:50:35','2021-11-29 08:50:35'),(190,190,'FUNDING',35000000.00,0.00,0.00,35000000.00,35000000.00,0,0,2021,0,'2021-11-29 08:50:35','2021-11-29 08:50:35'),(191,191,'FUNDING',15000000.00,0.00,0.00,15000000.00,15000000.00,0,0,2021,0,'2021-11-29 08:50:35','2021-11-29 08:50:35'),(192,192,'FUNDING',500000000.00,0.00,0.00,500000000.00,500000000.00,0,0,2021,0,'2021-11-29 08:50:35','2021-11-29 08:50:35'),(193,193,'FUNDING',50000000.00,0.00,0.00,50000000.00,50000000.00,0,0,2021,0,'2021-11-29 08:50:35','2021-11-29 08:50:35'),(194,194,'FUNDING',75000000.00,0.00,0.00,75000000.00,75000000.00,0,0,2021,0,'2021-11-29 08:50:35','2021-11-29 08:50:35'),(195,195,'FUNDING',100000000.00,0.00,0.00,100000000.00,100000000.00,0,0,2021,0,'2021-11-29 08:50:35','2021-11-29 08:50:35'),(196,196,'FUNDING',25000000.00,0.00,0.00,25000000.00,25000000.00,0,0,2021,0,'2021-11-29 08:50:35','2021-11-29 08:50:35'),(197,197,'FUNDING',30000000.00,0.00,0.00,30000000.00,30000000.00,0,0,2021,0,'2021-11-29 08:50:35','2021-11-29 08:50:35'),(198,198,'FUNDING',125000000.00,0.00,0.00,125000000.00,125000000.00,0,0,2021,0,'2021-11-29 08:50:35','2021-11-29 08:50:35'),(199,199,'FUNDING',30000000.00,0.00,0.00,30000000.00,30000000.00,0,0,2021,0,'2021-11-29 08:50:35','2021-11-29 08:50:35'),(200,200,'FUNDING',80000000.00,0.00,0.00,80000000.00,80000000.00,0,0,2021,0,'2021-11-29 08:50:35','2021-11-29 08:50:35'),(201,201,'FUNDING',20000000.00,0.00,0.00,20000000.00,20000000.00,0,0,2021,0,'2021-11-29 08:50:35','2021-11-29 08:50:35'),(202,202,'FUNDING',500000000.00,0.00,0.00,500000000.00,500000000.00,0,0,2021,0,'2021-11-29 08:50:35','2021-11-29 08:50:35'),(203,203,'FUNDING',200000000.00,0.00,0.00,200000000.00,200000000.00,0,0,2021,0,'2021-11-29 08:50:35','2021-11-29 08:50:35'),(204,204,'FUNDING',9800000.00,0.00,0.00,9800000.00,9800000.00,0,0,2021,0,'2021-11-29 08:50:35','2021-11-29 08:50:35'),(205,205,'FUNDING',400000000.00,0.00,0.00,400000000.00,400000000.00,0,0,2021,0,'2021-11-29 08:50:35','2021-11-29 08:50:35'),(206,206,'FUNDING',52500000.00,0.00,0.00,52500000.00,52500000.00,0,0,2021,0,'2021-11-29 08:50:35','2021-11-29 08:50:35'),(207,207,'FUNDING',56700000.00,0.00,0.00,56700000.00,56700000.00,0,0,2021,0,'2021-11-29 08:50:35','2021-11-29 08:50:35'),(208,208,'FUNDING',150000000.00,0.00,0.00,150000000.00,150000000.00,0,0,2021,0,'2021-11-29 08:50:35','2021-11-29 08:50:35'),(209,209,'FUNDING',5200000.00,0.00,0.00,5200000.00,5200000.00,0,0,2021,0,'2021-11-29 08:50:35','2021-11-29 08:50:35'),(210,210,'FUNDING',20402000.00,0.00,0.00,20402000.00,20402000.00,0,0,2021,0,'2021-11-29 08:50:35','2021-11-29 08:50:35'),(211,211,'FUNDING',3000000.00,0.00,0.00,3000000.00,3000000.00,0,0,2021,0,'2021-11-29 08:50:35','2021-11-29 08:50:35'),(212,212,'FUNDING',18073500.00,0.00,0.00,18073500.00,18073500.00,0,0,2021,0,'2021-11-29 08:50:35','2021-11-29 08:50:35'),(213,213,'FUNDING',50000000.00,0.00,0.00,50000000.00,50000000.00,0,0,2021,0,'2021-11-29 08:50:35','2021-11-29 08:50:35'),(214,214,'FUNDING',35546875.00,0.00,0.00,35546875.00,35546875.00,0,0,2021,0,'2021-11-29 08:50:35','2021-11-29 08:50:35'),(215,215,'FUNDING',75625000.00,0.00,0.00,75625000.00,75625000.00,0,0,2021,0,'2021-11-29 08:50:35','2021-11-29 08:50:35'),(216,216,'FUNDING',60000000.00,0.00,0.00,60000000.00,60000000.00,0,0,2021,0,'2021-11-29 08:50:35','2021-11-29 08:50:35'),(217,217,'FUNDING',2750344462.16,0.00,0.00,2750344462.16,2750344462.16,0,0,2021,0,'2021-11-29 08:50:35','2021-11-29 08:50:35'),(218,218,'FUNDING',42218400.00,0.00,0.00,42218400.00,42218400.00,0,0,2021,0,'2021-11-29 08:50:35','2021-11-29 08:50:35'),(219,219,'FUNDING',98000000.00,0.00,0.00,98000000.00,98000000.00,0,0,2021,0,'2021-11-29 08:50:35','2021-11-29 08:50:35'),(220,220,'FUNDING',50000000.00,0.00,0.00,50000000.00,50000000.00,0,0,2021,0,'2021-11-29 08:50:35','2021-11-29 08:50:35'),(221,221,'FUNDING',10000000.00,0.00,0.00,10000000.00,10000000.00,0,0,2021,0,'2021-11-29 08:50:35','2021-11-29 08:50:35'),(222,222,'FUNDING',30000000.00,0.00,0.00,30000000.00,30000000.00,0,0,2021,0,'2021-11-29 08:50:35','2021-11-29 08:50:35'),(223,223,'FUNDING',52000000.00,0.00,0.00,52000000.00,52000000.00,0,0,2021,0,'2021-11-29 08:50:35','2021-11-29 08:50:35'),(224,224,'FUNDING',15000000.00,0.00,0.00,15000000.00,15000000.00,0,0,2021,0,'2021-11-29 08:50:35','2021-11-29 08:50:35'),(225,225,'FUNDING',33080800.00,0.00,0.00,33080800.00,33080800.00,0,0,2021,0,'2021-11-29 08:50:35','2021-11-29 08:50:35'),(226,226,'FUNDING',12000000.00,0.00,0.00,12000000.00,12000000.00,0,0,2021,0,'2021-11-29 08:50:35','2021-11-29 08:50:35'),(227,227,'FUNDING',15000000.00,0.00,0.00,15000000.00,15000000.00,0,0,2021,0,'2021-11-29 08:50:35','2021-11-29 08:50:35'),(228,228,'FUNDING',17734375.00,0.00,0.00,17734375.00,17734375.00,0,0,2021,0,'2021-11-29 08:50:35','2021-11-29 08:50:35'),(229,229,'FUNDING',70000000.00,0.00,0.00,70000000.00,70000000.00,0,0,2021,0,'2021-11-29 08:50:35','2021-11-29 08:50:35'),(230,230,'FUNDING',15000000.00,0.00,0.00,15000000.00,15000000.00,0,0,2021,0,'2021-11-29 08:50:35','2021-11-29 08:50:35'),(231,231,'FUNDING',500000000.00,0.00,0.00,500000000.00,500000000.00,0,0,2021,0,'2021-11-29 08:50:35','2021-11-29 08:50:35'),(232,232,'FUNDING',90000000.00,0.00,0.00,90000000.00,90000000.00,0,0,2021,0,'2021-11-29 08:50:35','2021-11-29 08:50:35'),(233,233,'FUNDING',50000000.00,0.00,0.00,50000000.00,50000000.00,0,0,2021,0,'2021-11-29 08:50:35','2021-11-29 08:50:35'),(234,234,'FUNDING',50000000.00,0.00,0.00,50000000.00,50000000.00,0,0,2021,0,'2021-11-29 08:50:35','2021-11-29 08:50:35'),(235,235,'FUNDING',12833333.33,0.00,0.00,12833333.33,12833333.33,0,0,2021,0,'2021-11-29 08:50:35','2021-11-29 08:50:35'),(236,236,'FUNDING',200000000.00,0.00,0.00,200000000.00,200000000.00,0,0,2021,0,'2021-11-29 08:50:35','2021-11-29 08:50:35'),(237,237,'FUNDING',130000000.00,0.00,0.00,130000000.00,130000000.00,0,0,2021,0,'2021-11-29 08:50:35','2021-11-29 08:50:35'),(238,238,'FUNDING',140000000.00,0.00,0.00,140000000.00,140000000.00,0,0,2021,0,'2021-11-29 08:50:35','2021-11-29 08:50:35'),(239,239,'FUNDING',90000000.00,0.00,0.00,90000000.00,90000000.00,0,0,2021,0,'2021-11-29 08:50:35','2021-11-29 08:50:35'),(240,240,'FUNDING',140000000.00,0.00,0.00,140000000.00,140000000.00,0,0,2021,0,'2021-11-29 08:50:35','2021-11-29 08:50:35'),(241,241,'FUNDING',75000000.00,0.00,0.00,75000000.00,75000000.00,0,0,2021,0,'2021-11-29 08:50:35','2021-11-29 08:50:35'),(242,242,'FUNDING',70000000.00,0.00,0.00,70000000.00,70000000.00,0,0,2021,0,'2021-11-29 08:50:35','2021-11-29 08:50:35'),(243,243,'FUNDING',35333333.33,0.00,0.00,35333333.33,35333333.33,0,0,2021,0,'2021-11-29 08:50:35','2021-11-29 08:50:35'),(244,244,'FUNDING',50000000.00,0.00,0.00,50000000.00,50000000.00,0,0,2021,0,'2021-11-29 08:50:35','2021-11-29 08:50:35'),(245,245,'FUNDING',50000000.00,0.00,0.00,50000000.00,50000000.00,0,0,2021,0,'2021-11-29 08:50:35','2021-11-29 08:50:35'),(246,246,'FUNDING',80000000.00,0.00,0.00,80000000.00,80000000.00,0,0,2021,0,'2021-11-29 08:50:35','2021-11-29 08:50:35'),(247,247,'FUNDING',50000000.00,0.00,0.00,50000000.00,50000000.00,0,0,2021,0,'2021-11-29 08:50:35','2021-11-29 08:50:35'),(248,248,'FUNDING',50000000.00,0.00,0.00,50000000.00,50000000.00,0,0,2021,0,'2021-11-29 08:50:35','2021-11-29 08:50:35'),(249,249,'FUNDING',10500000.00,0.00,0.00,10500000.00,10500000.00,0,0,2021,0,'2021-11-29 08:50:35','2021-11-29 08:50:35'),(250,250,'FUNDING',20000000.00,0.00,0.00,20000000.00,20000000.00,0,0,2021,0,'2021-11-29 08:50:35','2021-11-29 08:50:35'),(251,251,'FUNDING',12500000.00,0.00,0.00,12500000.00,12500000.00,0,0,2021,0,'2021-11-29 08:50:35','2021-11-29 08:50:35'),(252,252,'FUNDING',140000000.00,0.00,0.00,140000000.00,140000000.00,0,0,2021,0,'2021-11-29 08:50:35','2021-11-29 08:50:35'),(253,253,'FUNDING',60844579.00,0.00,0.00,60844579.00,60844579.00,0,0,2021,0,'2021-11-29 08:50:35','2021-11-29 08:50:35'),(254,254,'FUNDING',25526021.85,0.00,0.00,25526021.85,25526021.85,0,0,2021,0,'2021-11-29 08:50:35','2021-11-29 08:50:35'),(255,255,'FUNDING',50000000.00,0.00,0.00,50000000.00,50000000.00,0,0,2021,0,'2021-11-29 08:50:35','2021-11-29 08:50:35'),(256,256,'FUNDING',55295000.00,0.00,0.00,55295000.00,55295000.00,0,0,2021,0,'2021-11-29 08:50:35','2021-11-29 08:50:35'),(257,257,'FUNDING',73213000.00,0.00,0.00,73213000.00,73213000.00,0,0,2021,0,'2021-11-29 08:50:35','2021-11-29 08:50:35'),(258,258,'FUNDING',10500000.00,0.00,0.00,10500000.00,10500000.00,0,0,2021,0,'2021-11-29 08:50:35','2021-11-29 08:50:35'),(259,259,'FUNDING',245000000.00,0.00,0.00,245000000.00,245000000.00,0,0,2021,0,'2021-11-29 08:50:35','2021-11-29 08:50:35'),(260,260,'FUNDING',21000000.00,0.00,0.00,21000000.00,21000000.00,0,0,2021,0,'2021-11-29 08:50:35','2021-11-29 08:50:35'),(261,261,'FUNDING',475000000.00,0.00,0.00,475000000.00,475000000.00,0,0,2021,0,'2021-11-29 08:50:35','2021-11-29 08:50:35'),(262,262,'FUNDING',255260218.46,0.00,0.00,255260218.46,255260218.46,0,0,2021,0,'2021-11-29 08:50:35','2021-11-29 08:50:35'),(263,263,'FUNDING',321804360.00,0.00,0.00,321804360.00,321804360.00,0,0,2021,0,'2021-11-29 08:50:35','2021-11-29 08:50:35'),(264,264,'FUNDING',321804360.00,0.00,0.00,321804360.00,321804360.00,0,0,2021,0,'2021-11-29 08:50:35','2021-11-29 08:50:35'),(265,265,'FUNDING',140000000.00,0.00,0.00,140000000.00,140000000.00,0,0,2021,0,'2021-11-29 08:50:35','2021-11-29 08:50:35'),(266,266,'FUNDING',50000000.00,0.00,0.00,50000000.00,50000000.00,0,0,2021,0,'2021-11-29 08:50:35','2021-11-29 08:50:35'),(267,267,'FUNDING',175000000.00,0.00,0.00,175000000.00,175000000.00,0,0,2021,0,'2021-11-29 08:50:35','2021-11-29 08:50:35'),(268,268,'FUNDING',15000000.00,0.00,0.00,15000000.00,15000000.00,0,0,2021,0,'2021-11-29 08:50:35','2021-11-29 08:50:35'),(269,269,'FUNDING',52500000.00,0.00,0.00,52500000.00,52500000.00,0,0,2021,0,'2021-11-29 08:50:35','2021-11-29 08:50:35'),(270,270,'FUNDING',100000000.00,0.00,0.00,100000000.00,100000000.00,0,0,2021,0,'2021-11-29 08:50:35','2021-11-29 08:50:35'),(271,271,'FUNDING',100000000.00,0.00,0.00,100000000.00,100000000.00,0,0,2021,0,'2021-11-29 08:50:35','2021-11-29 08:50:35'),(272,272,'FUNDING',700000000.00,0.00,0.00,700000000.00,700000000.00,0,0,2021,0,'2021-11-29 08:50:35','2021-11-29 08:50:35'),(273,273,'FUNDING',22221500.00,0.00,0.00,22221500.00,22221500.00,0,0,2021,0,'2021-11-29 08:50:35','2021-11-29 08:50:35'),(274,274,'FUNDING',60000000.00,0.00,0.00,60000000.00,60000000.00,0,0,2021,0,'2021-11-29 08:50:35','2021-11-29 08:50:35');
/*!40000 ALTER TABLE `credit_budget_heads` ENABLE KEYS */;
UNLOCK TABLES;

--
-- Table structure for table `departments`
--

DROP TABLE IF EXISTS `departments`;
/*!40101 SET @saved_cs_client     = @@character_set_client */;
/*!50503 SET character_set_client = utf8mb4 */;
CREATE TABLE `departments` (
  `id` bigint unsigned NOT NULL AUTO_INCREMENT,
  `name` varchar(255) COLLATE utf8mb4_unicode_ci NOT NULL,
  `label` varchar(255) COLLATE utf8mb4_unicode_ci NOT NULL,
  `code` varchar(255) COLLATE utf8mb4_unicode_ci NOT NULL,
  `type` enum('directorate','division','department','unit') COLLATE utf8mb4_unicode_ci NOT NULL DEFAULT 'department',
  `parentId` bigint NOT NULL DEFAULT '0',
  `created_at` timestamp NULL DEFAULT NULL,
  `updated_at` timestamp NULL DEFAULT NULL,
  PRIMARY KEY (`id`),
  UNIQUE KEY `departments_label_unique` (`label`),
  UNIQUE KEY `departments_code_unique` (`code`)
) ENGINE=InnoDB AUTO_INCREMENT=171 DEFAULT CHARSET=utf8mb4 COLLATE=utf8mb4_unicode_ci;
/*!40101 SET character_set_client = @saved_cs_client */;

--
-- Dumping data for table `departments`
--

LOCK TABLES `departments` WRITE;
/*!40000 ALTER TABLE `departments` DISABLE KEYS */;
INSERT INTO `departments` VALUES (125,'Executive Secretary\'s Office','executive-secretarys-office','ESO','directorate',0,'2021-11-29 08:43:44','2021-11-29 08:43:44'),(126,'Internal Audit','internal-audit','IAD','department',125,'2021-11-29 08:43:44','2021-11-29 08:43:44'),(127,'ES Office/STA','es-officesta','ESTA','division',125,'2021-11-29 08:43:44','2022-01-28 21:19:11'),(128,'Zonal Coordination','zonal-coordination','ZC','division',125,'2021-11-29 08:43:44','2021-11-29 08:43:44'),(129,'Corporate Communications','corporate-communications','CCD','division',125,'2021-11-29 08:43:44','2021-11-29 08:43:44'),(130,'Procurement','procurement','PROC','department',125,'2021-11-29 08:43:44','2021-11-29 08:43:44'),(131,'Information & Communication Technology','information-communication-technology','ICT','department',125,'2021-11-29 08:43:44','2021-11-29 08:43:44'),(132,'Monitoring & Evaluation','monitoring-evaluation','MED','directorate',125,'2021-11-29 08:43:44','2021-11-29 08:43:44'),(133,'Upstream Division','upstream-division','UDD','division',132,'2021-11-29 08:43:44','2021-11-29 08:43:44'),(134,'Downstream/ Midstream','downstream-midstream','DMD','division',132,'2021-11-29 08:43:44','2021-11-29 08:43:44'),(135,'Local Oil Companies','local-oil-companies','LOC','department',132,'2021-11-29 08:43:44','2021-11-29 08:43:44'),(136,'Complaint & Investigation','complaint-investigation','CID','department',132,'2021-11-29 08:43:44','2021-11-29 08:43:44'),(137,'Servicom & Efficiency','servicom-efficiency','SED','department',132,'2021-11-29 08:43:44','2021-11-29 08:43:44'),(138,'Planning, Research & Development','planning-research-development','PRS','directorate',132,'2021-11-29 08:43:44','2021-11-29 08:43:44'),(139,'Planning & Policy Development','planning-policy-development','PPD','division',0,'2021-11-29 08:43:44','2021-11-29 08:43:44'),(140,'Research & Statistics','research-statistics','RSD','department',0,'2021-11-29 08:43:44','2021-11-29 08:43:44'),(141,'JQS & E-Marketplace','jqs-e-marketplace','JQS','department',0,'2021-11-29 08:43:44','2021-11-29 08:43:44'),(142,'Research & Development','research-development','RDD','department',0,'2021-11-29 08:43:44','2021-11-29 08:43:44'),(143,'Expatriate Quota','expatriate-quota','EQD','department',0,'2021-11-29 08:43:44','2021-11-29 08:43:44'),(144,'Finance and Personel Management','finance-and-personel-management','FPM','directorate',0,'2021-11-29 08:43:44','2021-11-29 08:43:44'),(145,'Human Resources','human-resources','HRD','division',0,'2021-11-29 08:43:44','2021-11-29 08:43:44'),(146,'Facilities & Logistics','facilities-logistics','FLD','division',0,'2021-11-29 08:43:44','2021-11-29 08:43:44'),(147,'NCDF & Treasury Management','ncdf-treasury-management','NCDF & TM','division',0,'2021-11-29 08:43:44','2021-11-29 08:43:44'),(148,'Health, Safety, Security and Environment','health-safety-security-and-environment','HSE','department',0,'2021-11-29 08:43:44','2021-11-29 08:43:44'),(149,'Finance & Accounts','finance-accounts','FAD','department',0,'2021-11-29 08:43:44','2021-11-29 08:43:44'),(150,'Legal Services','legal-services','DLS','directorate',0,'2021-11-29 08:43:44','2021-11-29 08:43:44'),(151,'Commercial/ Corporate','commercial-corporate','CCLS','department',150,'2021-11-29 08:43:44','2021-11-29 08:43:44'),(152,'Governing Council','governing-council','GC','directorate',150,'2021-11-29 08:43:44','2021-11-29 08:43:44'),(153,'Ligitation & Prosecutions','ligitation-prosecutions','LPD','department',150,'2021-11-29 08:43:44','2021-11-29 08:43:44'),(154,'Strategy & Transformation','strategy-transformation','STPD','division',125,'2021-11-29 08:43:44','2021-11-29 08:43:44'),(155,'Strategy','strategy','STD','department',0,'2021-11-29 08:43:44','2021-11-29 08:43:44'),(156,'Board\'s Projects','boards-projects','BPD','department',155,'2021-11-29 08:43:44','2021-11-29 08:43:44'),(157,'Transformation Office','transformation-office','TOD','department',155,'2021-11-29 08:43:44','2021-11-29 08:43:44'),(158,'Capacity Building','capacity-building','CBD','division',125,'2021-11-29 08:43:44','2021-11-29 08:43:44'),(159,'Human Capacity Development','human-capacity-development','HCD','department',158,'2021-11-29 08:43:44','2021-11-29 08:43:44'),(160,'Learning Institutions Relations & Enterpreneural Development','learning-institutions-relations-enterpreneural-development','LED','department',158,'2021-11-29 08:43:44','2021-11-29 08:43:44'),(161,'Strategic Business Development','strategic-business-development','SBD','department',158,'2021-11-29 08:43:44','2021-11-29 08:43:44'),(162,'Project Certifications & Authorizations','project-certifications-authorizations','PCAD','division',125,'2021-11-29 08:43:44','2021-11-29 08:43:44'),(163,'Upstream Department','upstream-department','UPD','department',162,'2021-11-29 08:43:44','2021-11-29 08:43:44'),(164,'Midstream','midstream','MD','department',162,'2021-11-29 08:43:44','2021-11-29 08:43:44'),(165,'Refinery','refinery','RD','department',162,'2021-11-29 08:43:44','2021-11-29 08:43:44'),(166,'Commercial Ventures','commercial-ventures','CVD','division',125,'2021-11-29 08:43:44','2021-11-29 08:43:44'),(167,'Planning & Business Development','planning-business-development','PBD','department',166,'2021-11-29 08:43:44','2021-11-29 08:43:44'),(168,'Investment & Evaluation','investment-evaluation','IED','department',166,'2021-11-29 08:43:44','2021-11-29 08:43:44'),(169,'Budget Committee','budget-committee','BC','department',125,'2021-11-29 08:43:44','2021-11-29 08:43:44');
/*!40000 ALTER TABLE `departments` ENABLE KEYS */;
UNLOCK TABLES;

--
-- Table structure for table `entitlements`
--

DROP TABLE IF EXISTS `entitlements`;
/*!40101 SET @saved_cs_client     = @@character_set_client */;
/*!50503 SET character_set_client = utf8mb4 */;
CREATE TABLE `entitlements` (
  `id` bigint unsigned NOT NULL AUTO_INCREMENT,
  `grade_level_id` bigint unsigned NOT NULL,
  `benefit_id` bigint unsigned NOT NULL,
  `price_list_id` bigint unsigned NOT NULL,
  `created_at` timestamp NULL DEFAULT NULL,
  `updated_at` timestamp NULL DEFAULT NULL,
  PRIMARY KEY (`id`),
  KEY `entitlements_grade_level_id_foreign` (`grade_level_id`),
  KEY `entitlements_benefit_id_foreign` (`benefit_id`),
  KEY `entitlements_price_list_id_foreign` (`price_list_id`),
  CONSTRAINT `entitlements_benefit_id_foreign` FOREIGN KEY (`benefit_id`) REFERENCES `benefits` (`id`) ON DELETE CASCADE,
  CONSTRAINT `entitlements_grade_level_id_foreign` FOREIGN KEY (`grade_level_id`) REFERENCES `grade_levels` (`id`) ON DELETE CASCADE,
  CONSTRAINT `entitlements_price_list_id_foreign` FOREIGN KEY (`price_list_id`) REFERENCES `price_lists` (`id`) ON DELETE CASCADE
) ENGINE=InnoDB AUTO_INCREMENT=31 DEFAULT CHARSET=utf8mb4 COLLATE=utf8mb4_unicode_ci;
/*!40101 SET character_set_client = @saved_cs_client */;

--
-- Dumping data for table `entitlements`
--

LOCK TABLES `entitlements` WRITE;
/*!40000 ALTER TABLE `entitlements` DISABLE KEYS */;
INSERT INTO `entitlements` VALUES (1,4,1,1,'2022-01-13 08:53:37','2022-01-13 08:53:37'),(2,3,1,1,'2022-01-13 08:53:37','2022-01-13 08:53:37'),(3,1,1,1,'2022-01-13 08:53:37','2022-01-13 08:53:37'),(4,2,1,1,'2022-01-13 08:53:37','2022-01-13 08:53:37'),(5,2,3,3,'2022-01-13 08:54:25','2022-01-13 08:54:25'),(6,1,3,4,'2022-01-13 08:54:40','2022-01-13 08:54:40'),(7,3,3,6,'2022-01-13 08:55:04','2022-01-13 08:55:04'),(8,4,3,6,'2022-01-13 08:55:04','2022-01-13 08:55:04'),(9,2,4,7,'2022-01-13 08:55:24','2022-01-13 08:55:24'),(10,1,4,8,'2022-01-13 08:55:31','2022-01-13 08:55:31'),(11,4,4,9,'2022-01-13 08:55:41','2022-01-13 08:55:41'),(12,3,4,9,'2022-01-13 08:55:41','2022-01-13 08:55:41'),(13,2,5,10,'2022-01-13 08:55:50','2022-01-13 08:55:50'),(14,1,5,11,'2022-01-13 08:55:57','2022-01-13 08:55:57'),(15,3,5,13,'2022-01-13 08:56:05','2022-01-13 08:56:05'),(16,4,5,13,'2022-01-13 08:56:05','2022-01-13 08:56:05'),(17,2,6,14,'2022-01-13 08:56:14','2022-01-13 08:56:14'),(18,1,6,14,'2022-01-13 08:56:14','2022-01-13 08:56:14'),(19,4,6,15,'2022-01-13 08:56:21','2022-01-13 08:56:21'),(20,3,6,15,'2022-01-13 08:56:21','2022-01-13 08:56:21'),(21,6,1,1,'2022-01-13 09:04:20','2022-01-13 09:04:20'),(22,5,1,1,'2022-01-13 09:04:20','2022-01-13 09:04:20'),(23,6,3,5,'2022-01-13 09:04:31','2022-01-13 09:04:31'),(24,5,3,4,'2022-01-13 09:04:45','2022-01-13 09:04:45'),(25,6,4,9,'2022-01-13 09:05:00','2022-01-13 09:05:00'),(26,5,4,8,'2022-01-13 09:05:16','2022-01-13 09:05:16'),(27,6,5,12,'2022-01-13 09:05:28','2022-01-13 09:05:28'),(28,5,5,11,'2022-01-13 09:05:35','2022-01-13 09:05:35'),(29,5,6,14,'2022-01-13 09:05:58','2022-01-13 09:05:58'),(30,6,6,14,'2022-01-13 09:05:58','2022-01-13 09:05:58');
/*!40000 ALTER TABLE `entitlements` ENABLE KEYS */;
UNLOCK TABLES;

--
-- Table structure for table `expenditures`
--

DROP TABLE IF EXISTS `expenditures`;
/*!40101 SET @saved_cs_client     = @@character_set_client */;
/*!50503 SET character_set_client = utf8mb4 */;
CREATE TABLE `expenditures` (
  `id` bigint unsigned NOT NULL AUTO_INCREMENT,
  `user_id` bigint unsigned NOT NULL,
  `sub_budget_head_id` bigint unsigned NOT NULL,
  `claim_id` bigint NOT NULL DEFAULT '0',
  `beneficiary` varchar(255) COLLATE utf8mb4_unicode_ci DEFAULT NULL,
  `batch_id` bigint NOT NULL DEFAULT '0',
  `amount` decimal(30,2) NOT NULL DEFAULT '0.00',
  `description` text COLLATE utf8mb4_unicode_ci,
  `additional_info` text COLLATE utf8mb4_unicode_ci,
  `type` enum('staff-claim','touring-advance','other') COLLATE utf8mb4_unicode_ci NOT NULL DEFAULT 'staff-claim',
  `payment_type` enum('staff-payment','third-party') COLLATE utf8mb4_unicode_ci NOT NULL DEFAULT 'staff-payment',
  `status` enum('cleared','batched','queried','paid') COLLATE utf8mb4_unicode_ci NOT NULL DEFAULT 'cleared',
  `closed` tinyint(1) NOT NULL DEFAULT '0',
  `created_at` timestamp NULL DEFAULT NULL,
  `updated_at` timestamp NULL DEFAULT NULL,
  PRIMARY KEY (`id`),
  KEY `expenditures_user_id_foreign` (`user_id`),
  KEY `expenditures_sub_budget_head_id_foreign` (`sub_budget_head_id`),
  CONSTRAINT `expenditures_sub_budget_head_id_foreign` FOREIGN KEY (`sub_budget_head_id`) REFERENCES `sub_budget_heads` (`id`) ON DELETE CASCADE,
  CONSTRAINT `expenditures_user_id_foreign` FOREIGN KEY (`user_id`) REFERENCES `users` (`id`) ON DELETE CASCADE
) ENGINE=InnoDB AUTO_INCREMENT=5 DEFAULT CHARSET=utf8mb4 COLLATE=utf8mb4_unicode_ci;
/*!40101 SET character_set_client = @saved_cs_client */;

--
-- Dumping data for table `expenditures`
--

LOCK TABLES `expenditures` WRITE;
/*!40000 ALTER TABLE `expenditures` DISABLE KEYS */;
INSERT INTO `expenditures` VALUES (1,5,151,1,'EKARO TAMUNOTONYE BOBBY',1,350000.00,'MVC Visual Studio C Sharp Training',NULL,'staff-claim','staff-payment','batched',0,'2022-01-13 09:16:59','2022-01-31 12:16:50'),(2,1,141,2,'SUPER ADMIN',1,350000.00,'Trip to Los Angeles',NULL,'staff-claim','staff-payment','batched',0,'2022-01-31 12:16:26','2022-01-31 12:16:50'),(3,2,141,0,'FANTA AND COKE',2,5000000.00,'PROCUREMENT OF FANTA AND COKE',NULL,'other','third-party','batched',0,'2022-01-31 12:55:03','2022-01-31 12:58:36'),(4,1,153,0,'VUSUGA',3,40000000.00,'PRINTING',NULL,'other','third-party','batched',0,'2022-01-31 13:14:15','2022-01-31 13:14:39');
/*!40000 ALTER TABLE `expenditures` ENABLE KEYS */;
UNLOCK TABLES;

--
-- Table structure for table `failed_jobs`
--

DROP TABLE IF EXISTS `failed_jobs`;
/*!40101 SET @saved_cs_client     = @@character_set_client */;
/*!50503 SET character_set_client = utf8mb4 */;
CREATE TABLE `failed_jobs` (
  `id` bigint unsigned NOT NULL AUTO_INCREMENT,
  `uuid` varchar(255) COLLATE utf8mb4_unicode_ci NOT NULL,
  `connection` text COLLATE utf8mb4_unicode_ci NOT NULL,
  `queue` text COLLATE utf8mb4_unicode_ci NOT NULL,
  `payload` longtext COLLATE utf8mb4_unicode_ci NOT NULL,
  `exception` longtext COLLATE utf8mb4_unicode_ci NOT NULL,
  `failed_at` timestamp NOT NULL DEFAULT CURRENT_TIMESTAMP,
  PRIMARY KEY (`id`),
  UNIQUE KEY `failed_jobs_uuid_unique` (`uuid`)
) ENGINE=InnoDB DEFAULT CHARSET=utf8mb4 COLLATE=utf8mb4_unicode_ci;
/*!40101 SET character_set_client = @saved_cs_client */;

--
-- Dumping data for table `failed_jobs`
--

LOCK TABLES `failed_jobs` WRITE;
/*!40000 ALTER TABLE `failed_jobs` DISABLE KEYS */;
/*!40000 ALTER TABLE `failed_jobs` ENABLE KEYS */;
UNLOCK TABLES;

--
-- Table structure for table `grade_levels`
--

DROP TABLE IF EXISTS `grade_levels`;
/*!40101 SET @saved_cs_client     = @@character_set_client */;
/*!50503 SET character_set_client = utf8mb4 */;
CREATE TABLE `grade_levels` (
  `id` bigint unsigned NOT NULL AUTO_INCREMENT,
  `name` varchar(255) COLLATE utf8mb4_unicode_ci NOT NULL,
  `label` varchar(255) COLLATE utf8mb4_unicode_ci NOT NULL,
  `code` varchar(255) COLLATE utf8mb4_unicode_ci NOT NULL,
  `created_at` timestamp NULL DEFAULT NULL,
  `updated_at` timestamp NULL DEFAULT NULL,
  PRIMARY KEY (`id`),
  UNIQUE KEY `grade_levels_label_unique` (`label`),
  UNIQUE KEY `grade_levels_code_unique` (`code`)
) ENGINE=InnoDB AUTO_INCREMENT=7 DEFAULT CHARSET=utf8mb4 COLLATE=utf8mb4_unicode_ci;
/*!40101 SET character_set_client = @saved_cs_client */;

--
-- Dumping data for table `grade_levels`
--

LOCK TABLES `grade_levels` WRITE;
/*!40000 ALTER TABLE `grade_levels` DISABLE KEYS */;
INSERT INTO `grade_levels` VALUES (1,'Supervisor','supervisor','SS3','2021-11-29 09:28:04','2021-11-29 09:28:04'),(2,'Senior Officer','senior-officer','SS4','2021-11-29 09:28:22','2021-11-29 09:28:22'),(3,'Deputy Manager','deputy-manager','M6','2022-01-13 08:41:22','2022-01-13 08:41:22'),(4,'Manager','manager','M5','2022-01-13 08:41:30','2022-01-13 08:41:30'),(5,'Senior Supervisor','senior-supervisor','SS2','2022-01-13 09:03:40','2022-01-13 09:03:40'),(6,'Chief Supervisor','chief-supervisor','SS1','2022-01-13 09:03:53','2022-01-13 09:03:53');
/*!40000 ALTER TABLE `grade_levels` ENABLE KEYS */;
UNLOCK TABLES;

--
-- Table structure for table `groups`
--

DROP TABLE IF EXISTS `groups`;
/*!40101 SET @saved_cs_client     = @@character_set_client */;
/*!50503 SET character_set_client = utf8mb4 */;
CREATE TABLE `groups` (
  `id` bigint unsigned NOT NULL AUTO_INCREMENT,
  `name` varchar(255) COLLATE utf8mb4_unicode_ci NOT NULL,
  `label` varchar(255) COLLATE utf8mb4_unicode_ci NOT NULL,
  `max_slots` bigint NOT NULL DEFAULT '0',
  `start_date` date DEFAULT NULL,
  `expiry_date` date DEFAULT NULL,
  `cannot_expire` tinyint(1) NOT NULL DEFAULT '0',
  `deactivated` tinyint(1) NOT NULL DEFAULT '0',
  `created_at` timestamp NULL DEFAULT NULL,
  `updated_at` timestamp NULL DEFAULT NULL,
  `deleted_at` timestamp NULL DEFAULT NULL,
  PRIMARY KEY (`id`),
  UNIQUE KEY `groups_label_unique` (`label`)
) ENGINE=InnoDB AUTO_INCREMENT=5 DEFAULT CHARSET=utf8mb4 COLLATE=utf8mb4_unicode_ci;
/*!40101 SET character_set_client = @saved_cs_client */;

--
-- Dumping data for table `groups`
--

LOCK TABLES `groups` WRITE;
/*!40000 ALTER TABLE `groups` DISABLE KEYS */;
INSERT INTO `groups` VALUES (1,'Directors','directors',50,'2022-01-29','2022-03-31',1,0,'2022-01-27 14:16:30','2022-01-27 14:16:38',NULL),(2,'Supervisors','supervisors',100,'2022-01-27','2022-01-30',1,0,'2022-01-27 14:17:23','2022-01-27 14:17:23',NULL),(4,'Officers','officers',100,'2022-01-29','2022-01-31',1,0,'2022-01-28 07:55:46','2022-01-28 07:55:59',NULL);
/*!40000 ALTER TABLE `groups` ENABLE KEYS */;
UNLOCK TABLES;

--
-- Table structure for table `instructions`
--

DROP TABLE IF EXISTS `instructions`;
/*!40101 SET @saved_cs_client     = @@character_set_client */;
/*!50503 SET character_set_client = utf8mb4 */;
CREATE TABLE `instructions` (
  `id` bigint unsigned NOT NULL AUTO_INCREMENT,
  `benefit_id` bigint unsigned NOT NULL,
  `additional_benefit_id` bigint NOT NULL DEFAULT '0',
  `from` date NOT NULL,
  `to` date DEFAULT NULL,
  `description` text COLLATE utf8mb4_unicode_ci NOT NULL,
  `amount` decimal(30,2) NOT NULL DEFAULT '0.00',
  `instructionable_id` bigint unsigned NOT NULL,
  `instructionable_type` varchar(255) COLLATE utf8mb4_unicode_ci NOT NULL,
  `created_at` timestamp NULL DEFAULT NULL,
  `updated_at` timestamp NULL DEFAULT NULL,
  PRIMARY KEY (`id`),
  KEY `instructions_benefit_id_foreign` (`benefit_id`),
  CONSTRAINT `instructions_benefit_id_foreign` FOREIGN KEY (`benefit_id`) REFERENCES `benefits` (`id`) ON DELETE CASCADE
) ENGINE=InnoDB AUTO_INCREMENT=7 DEFAULT CHARSET=utf8mb4 COLLATE=utf8mb4_unicode_ci;
/*!40101 SET character_set_client = @saved_cs_client */;

--
-- Dumping data for table `instructions`
--

LOCK TABLES `instructions` WRITE;
/*!40000 ALTER TABLE `instructions` DISABLE KEYS */;
INSERT INTO `instructions` VALUES (1,6,0,'2021-11-21','2021-11-21','Flight to Lagos',40000.00,1,'App\\Models\\Claim','2022-01-13 09:12:27','2022-01-13 09:12:27'),(2,1,0,'2021-11-21','2021-11-21','Shuttle from Airport to The Hotel',10000.00,1,'App\\Models\\Claim','2022-01-13 09:12:52','2022-01-13 09:12:52'),(3,2,3,'2021-11-21','2021-11-27','Per diem for 6 nights',300000.00,1,'App\\Models\\Claim','2022-01-13 09:13:47','2022-01-13 09:13:47'),(4,1,0,'2022-01-02','2022-01-02','Transport to Aitport',10000.00,2,'App\\Models\\Claim','2022-01-31 12:15:02','2022-01-31 12:15:02'),(5,6,0,'2022-01-02','2022-01-02','Flight Fare to lagos',40000.00,2,'App\\Models\\Claim','2022-01-31 12:15:23','2022-01-31 12:15:23'),(6,2,3,'2022-01-02','2022-01-08','PER DIEM FOR 6 DAYS',300000.00,2,'App\\Models\\Claim','2022-01-31 12:15:46','2022-01-31 12:15:46');
/*!40000 ALTER TABLE `instructions` ENABLE KEYS */;
UNLOCK TABLES;

--
-- Table structure for table `migrations`
--

DROP TABLE IF EXISTS `migrations`;
/*!40101 SET @saved_cs_client     = @@character_set_client */;
/*!50503 SET character_set_client = utf8mb4 */;
CREATE TABLE `migrations` (
  `id` int unsigned NOT NULL AUTO_INCREMENT,
  `migration` varchar(255) COLLATE utf8mb4_unicode_ci NOT NULL,
  `batch` int NOT NULL,
  PRIMARY KEY (`id`)
) ENGINE=InnoDB AUTO_INCREMENT=41 DEFAULT CHARSET=utf8mb4 COLLATE=utf8mb4_unicode_ci;
/*!40101 SET character_set_client = @saved_cs_client */;

--
-- Dumping data for table `migrations`
--

LOCK TABLES `migrations` WRITE;
/*!40000 ALTER TABLE `migrations` DISABLE KEYS */;
INSERT INTO `migrations` VALUES (1,'2014_10_12_000000_create_users_table',1),(2,'2014_10_12_100000_create_password_resets_table',1),(3,'2016_06_01_000001_create_oauth_auth_codes_table',1),(4,'2016_06_01_000002_create_oauth_access_tokens_table',1),(5,'2016_06_01_000003_create_oauth_refresh_tokens_table',1),(6,'2016_06_01_000004_create_oauth_clients_table',1),(7,'2016_06_01_000005_create_oauth_personal_access_clients_table',1),(8,'2019_08_19_000000_create_failed_jobs_table',1),(9,'2021_04_21_090629_add_columns_to_users_tale',1),(10,'2021_04_21_091102_create_roles_table',1),(11,'2021_04_21_091425_create_permissions_table',1),(12,'2021_04_21_091609_create_modules_table',1),(13,'2021_04_21_091836_create_permissionables_table',1),(14,'2021_04_21_092039_create_userables_table',1),(15,'2021_04_21_092121_create_moduleables_table',1),(16,'2021_04_21_131341_create_departments_table',1),(17,'2021_04_21_151759_create_groups_table',1),(18,'2021_04_23_105207_add_more_columns_to_users_table',1),(19,'2021_04_23_110728_create_budget_heads_table',1),(20,'2021_04_23_113056_create_sub_budget_heads_table',1),(21,'2021_04_25_013345_create_credit_budget_heads_table',1),(22,'2021_04_26_234140_create_grade_levels_table',1),(23,'2021_04_26_235940_create_benefits_table',1),(24,'2021_04_27_004302_add_even_more_columns_to_users_table',1),(25,'2021_04_27_020438_create_claims_table',1),(26,'2021_04_27_100312_create_instructions_table',1),(27,'2021_07_01_095900_create_price_lists_table',1),(28,'2021_07_01_103334_create_entitlements_table',1),(29,'2021_07_10_100239_add_columns_to_modules_table',1),(30,'2021_07_27_104426_create_expenditures_table',1),(31,'2021_08_02_125516_create_batches_table',1),(32,'2021_08_04_131611_create_work_flows_table',1),(33,'2021_08_04_131659_create_procedures_table',1),(34,'2021_08_04_133027_create_approvals_table',1),(35,'2021_08_10_084943_add_columns_to_batches_table',1),(36,'2021_08_10_110112_add_sub_budget_head_column_to_batches_table',1),(37,'2021_08_10_150501_add_columns_to_credit_budget_heads_table',1),(38,'2021_08_23_102012_create_refunds_table',1),(39,'2021_11_25_092733_add_type_column_to_modules_table',1),(40,'2022_01_25_101526_create_settings_table',2);
/*!40000 ALTER TABLE `migrations` ENABLE KEYS */;
UNLOCK TABLES;

--
-- Table structure for table `moduleables`
--

DROP TABLE IF EXISTS `moduleables`;
/*!40101 SET @saved_cs_client     = @@character_set_client */;
/*!50503 SET character_set_client = utf8mb4 */;
CREATE TABLE `moduleables` (
  `module_id` bigint unsigned NOT NULL,
  `moduleable_id` bigint unsigned NOT NULL,
  `moduleable_type` varchar(255) COLLATE utf8mb4_unicode_ci NOT NULL
) ENGINE=InnoDB DEFAULT CHARSET=utf8mb4 COLLATE=utf8mb4_unicode_ci;
/*!40101 SET character_set_client = @saved_cs_client */;

--
-- Dumping data for table `moduleables`
--

LOCK TABLES `moduleables` WRITE;
/*!40000 ALTER TABLE `moduleables` DISABLE KEYS */;
INSERT INTO `moduleables` VALUES (7,131,'App\\Models\\Department'),(8,131,'App\\Models\\Department'),(9,131,'App\\Models\\Department'),(10,131,'App\\Models\\Department'),(11,131,'App\\Models\\Department'),(12,131,'App\\Models\\Department'),(13,131,'App\\Models\\Department'),(14,131,'App\\Models\\Department'),(15,2,'App\\Models\\Role'),(15,1,'App\\Models\\Role'),(16,2,'App\\Models\\Role'),(16,1,'App\\Models\\Role'),(17,2,'App\\Models\\Role'),(17,1,'App\\Models\\Role'),(18,131,'App\\Models\\Department'),(19,1,'App\\Models\\Role'),(19,2,'App\\Models\\Role'),(20,131,'App\\Models\\Department'),(21,2,'App\\Models\\Role'),(21,1,'App\\Models\\Role'),(22,2,'App\\Models\\Role'),(22,1,'App\\Models\\Role'),(23,131,'App\\Models\\Department'),(24,2,'App\\Models\\Role'),(24,1,'App\\Models\\Role'),(24,4,'App\\Models\\Role'),(24,3,'App\\Models\\Role'),(24,5,'App\\Models\\Role'),(23,126,'App\\Models\\Department'),(23,128,'App\\Models\\Department'),(23,130,'App\\Models\\Department'),(1,131,'App\\Models\\Department');
/*!40000 ALTER TABLE `moduleables` ENABLE KEYS */;
UNLOCK TABLES;

--
-- Table structure for table `modules`
--

DROP TABLE IF EXISTS `modules`;
/*!40101 SET @saved_cs_client     = @@character_set_client */;
/*!50503 SET character_set_client = utf8mb4 */;
CREATE TABLE `modules` (
  `id` bigint unsigned NOT NULL AUTO_INCREMENT,
  `name` varchar(255) COLLATE utf8mb4_unicode_ci NOT NULL,
  `label` varchar(255) COLLATE utf8mb4_unicode_ci NOT NULL,
  `icon` varchar(255) COLLATE utf8mb4_unicode_ci DEFAULT NULL,
  `path` varchar(255) COLLATE utf8mb4_unicode_ci DEFAULT NULL,
  `component` varchar(255) COLLATE utf8mb4_unicode_ci DEFAULT NULL,
  `file_path` varchar(255) COLLATE utf8mb4_unicode_ci DEFAULT NULL,
  `parentId` bigint NOT NULL DEFAULT '0',
  `isMenu` tinyint(1) NOT NULL DEFAULT '0',
  `generatePermissions` tinyint(1) NOT NULL DEFAULT '0',
  `isAuthRequired` tinyint(1) NOT NULL DEFAULT '0',
  `isAdministration` tinyint(1) NOT NULL DEFAULT '0',
  `created_at` timestamp NULL DEFAULT NULL,
  `updated_at` timestamp NULL DEFAULT NULL,
  `deleted_at` timestamp NULL DEFAULT NULL,
  `type` enum('application','module','page') COLLATE utf8mb4_unicode_ci NOT NULL DEFAULT 'application',
  PRIMARY KEY (`id`),
  UNIQUE KEY `modules_label_unique` (`label`)
) ENGINE=InnoDB AUTO_INCREMENT=25 DEFAULT CHARSET=utf8mb4 COLLATE=utf8mb4_unicode_ci;
/*!40101 SET character_set_client = @saved_cs_client */;

--
-- Dumping data for table `modules`
--

LOCK TABLES `modules` WRITE;
/*!40000 ALTER TABLE `modules` DISABLE KEYS */;
INSERT INTO `modules` VALUES (1,'Administration','administration','la-cogs','/administration',NULL,NULL,0,0,1,0,1,'2021-11-29 09:19:21','2021-11-29 09:19:21',NULL,'application'),(2,'Roles','roles','la-user-tag','/roles',NULL,NULL,1,0,1,0,1,'2021-11-29 09:19:21','2021-11-29 09:19:21',NULL,'module'),(3,'Groups','groups','la-users','/groups',NULL,NULL,1,0,1,0,1,'2021-11-29 09:19:21','2021-11-29 09:19:21',NULL,'module'),(4,'Departments','departments','la-building','/departments',NULL,NULL,1,0,1,0,1,'2021-11-29 09:19:21','2021-11-29 09:19:21',NULL,'module'),(5,'Staff','staff',NULL,'/staff',NULL,NULL,1,0,1,0,1,'2021-11-29 09:19:21','2021-11-29 09:19:21',NULL,'module'),(6,'Modules','modules',NULL,'/modules',NULL,NULL,1,0,1,0,1,'2021-11-29 09:19:21','2021-11-29 09:19:21',NULL,'module'),(7,'Structure','structure','la-building','/structure','Structure',NULL,0,1,1,1,1,'2021-11-29 09:25:54','2021-11-29 09:25:54',NULL,'application'),(8,'Grade Levels','grade-levels','GRD','/grade-levels','GradeLevels',NULL,7,1,1,1,1,'2021-11-29 09:27:20','2021-11-29 09:27:20',NULL,'module'),(9,'Benefits','benefits','BenefitIcon','/benefits','Benefits',NULL,7,1,1,1,1,'2022-01-13 04:12:26','2022-01-13 04:12:26',NULL,'module'),(10,'Wages','wages','WagesIcon','/benefit/wages','Wages',NULL,7,1,1,1,1,'2022-01-13 04:24:59','2022-01-13 04:24:59',NULL,'module'),(11,'Budget','budget','la-coins','/budget','Budget',NULL,0,1,1,1,1,'2022-01-13 04:26:28','2022-01-13 04:26:28',NULL,'application'),(12,'Budget Heads','budget-heads','BudgetHeadsIcon','/budget-heads','BudgetHeads',NULL,11,1,1,1,1,'2022-01-13 04:27:29','2022-01-13 04:27:29',NULL,'module'),(13,'Sub Budget Heads','sub-budget-heads','SubBudgetHeadsIcon','/sub-budget-heads','SubBudgetHeads',NULL,11,1,1,1,1,'2022-01-13 04:28:27','2022-01-13 04:28:27',NULL,'module'),(14,'Fund Heads','fund-heads','FundsIcon','/funds','CreditSubBudgetHeads',NULL,11,1,1,1,1,'2022-01-13 04:29:32','2022-01-13 04:29:32',NULL,'module'),(15,'Expenditures','expenditures','ExpendituresIcon','/expenditures','Expenditures',NULL,11,1,1,1,1,'2022-01-13 04:30:43','2022-01-13 04:30:43',NULL,'page'),(16,'Batch Payment','batch-payment','BatchIcon','/batch/claim','Batch',NULL,11,1,1,1,1,'2022-01-13 04:31:41','2022-01-13 04:31:41',NULL,'page'),(17,'Payments','payments','PaymentsIcon','/payments','Payments',NULL,11,1,1,1,1,'2022-01-13 04:32:37','2022-01-13 04:32:37',NULL,'page'),(18,'Approvals','approvals','la-check-double','/approved','ApprovalsComp',NULL,0,1,1,1,1,'2022-01-13 04:34:10','2022-01-13 04:34:10',NULL,'application'),(19,'Batched','batched','BatchedIcon','/approve/expenditures','Batched',NULL,18,1,1,1,1,'2022-01-13 04:35:12','2022-01-13 04:35:12',NULL,'page'),(20,'Refunds','refunds','la-wallet','/refs','Refunds',NULL,0,1,1,1,1,'2022-01-13 04:35:55','2022-01-13 04:35:55',NULL,'application'),(21,'Logistics','logistics','LogisticsIcon','/logistics/refund','Logistics',NULL,20,1,1,1,1,'2022-01-13 04:36:57','2022-01-13 04:36:57',NULL,'page'),(22,'Refund Requests','refund-requests','RefundIconRequest','/refund/requests','RequestsRefund',NULL,20,1,1,1,1,'2022-01-13 04:38:06','2022-01-13 04:38:06',NULL,'page'),(23,'Staff Services','staff-services','la-business-time','/staff-services','StaffServices',NULL,0,1,1,1,1,'2022-01-13 04:39:19','2022-01-13 04:39:19',NULL,'application'),(24,'Claims','claims','ClaimsIcon','/claims','Claims',NULL,23,1,1,0,0,'2022-01-13 04:40:21','2022-01-13 04:40:21',NULL,'page');
/*!40000 ALTER TABLE `modules` ENABLE KEYS */;
UNLOCK TABLES;

--
-- Table structure for table `oauth_access_tokens`
--

DROP TABLE IF EXISTS `oauth_access_tokens`;
/*!40101 SET @saved_cs_client     = @@character_set_client */;
/*!50503 SET character_set_client = utf8mb4 */;
CREATE TABLE `oauth_access_tokens` (
  `id` varchar(100) COLLATE utf8mb4_unicode_ci NOT NULL,
  `user_id` bigint unsigned DEFAULT NULL,
  `client_id` bigint unsigned NOT NULL,
  `name` varchar(255) COLLATE utf8mb4_unicode_ci DEFAULT NULL,
  `scopes` text COLLATE utf8mb4_unicode_ci,
  `revoked` tinyint(1) NOT NULL,
  `created_at` timestamp NULL DEFAULT NULL,
  `updated_at` timestamp NULL DEFAULT NULL,
  `expires_at` datetime DEFAULT NULL,
  PRIMARY KEY (`id`),
  KEY `oauth_access_tokens_user_id_index` (`user_id`)
) ENGINE=InnoDB DEFAULT CHARSET=utf8mb4 COLLATE=utf8mb4_unicode_ci;
/*!40101 SET character_set_client = @saved_cs_client */;

--
-- Dumping data for table `oauth_access_tokens`
--

LOCK TABLES `oauth_access_tokens` WRITE;
/*!40000 ALTER TABLE `oauth_access_tokens` DISABLE KEYS */;
INSERT INTO `oauth_access_tokens` VALUES ('00e7bceee1b4e2de4bf071ee6b809e82209106648080fd97dd3e3750f97e612c3450c3b6a5e9e2e4',2,1,'authToken','[]',0,'2022-01-24 14:04:08','2022-01-24 14:04:08','2023-01-24 15:04:08'),('02f98e2fb3c39e70054d940050f7064b8084138615635d6838a729f7384c77e5422a2fa428b157b8',1,1,'authToken','[]',0,'2022-01-13 04:23:19','2022-01-13 04:23:19','2023-01-13 05:23:19'),('04152e8d2e099376710ae9014cc22ccb8e4e19d8056dfa47398624cae146f2d112f85f08e24c5a9d',2,1,'authToken','[]',0,'2022-01-19 11:54:19','2022-01-19 11:54:19','2023-01-19 12:54:19'),('0416da579f4ce9326cf258c6b2685f2087babf9cb512bdcdf9af0fcd6455e29cd89f3d7004cab65b',1,1,'authToken','[]',0,'2022-01-31 12:25:24','2022-01-31 12:25:24','2023-01-31 13:25:24'),('05587bdfe4e9aea84370164d7eb3491957ce4572351b5d68384fb1b1a6f534cef40549c274a6dc7d',2,1,'authToken','[]',0,'2022-01-18 21:23:48','2022-01-18 21:23:48','2023-01-18 22:23:48'),('055944348e8ec093cabf5b8c055dd6a1495049643d02206ccede511e87316daac9bdf617d562fd25',2,1,'authToken','[]',0,'2022-01-24 14:39:17','2022-01-24 14:39:17','2023-01-24 15:39:17'),('05aaaa2f2c3b95748af862f5fb17d62bbffb9e5b18f073c048ee562a5f5181fbedc26f099f8cd57b',2,1,'authToken','[]',0,'2022-01-24 20:21:36','2022-01-24 20:21:36','2023-01-24 21:21:36'),('0aaabf69725e62c37aa7ce37d4d4c225b8675807bb25853f0db707226e86015b2bd89a2de95152f2',1,1,'authToken','[]',0,'2022-01-28 07:57:52','2022-01-28 07:57:52','2023-01-28 08:57:52'),('0b85564137bc5ceef1245680f39c9319db65e77572883577f749bd5f8ceeafaa2e14110c0169f1e9',1,1,'authToken','[]',0,'2022-01-13 08:18:56','2022-01-13 08:18:56','2023-01-13 09:18:56'),('0c14b149032d70ab934692f2277969ec5fd0739947697a35894145e154a7176a0d0d4fd10e47e653',1,1,'authToken','[]',0,'2021-11-29 20:52:39','2021-11-29 20:52:39','2022-11-29 21:52:39'),('0cce0fea7bbd81c1dde22efa20ab6a58684ab3544ffc99ebb841ebb59d470445a16bea51a28015f4',1,1,'authToken','[]',0,'2022-01-13 08:04:15','2022-01-13 08:04:15','2023-01-13 09:04:15'),('0df15eb841fe779d22942eeb10849ce8fbfb49d701563b752e07e8096545d69bbca3f17c1f82d7a9',2,1,'authToken','[]',0,'2022-01-24 14:43:04','2022-01-24 14:43:04','2023-01-24 15:43:04'),('0e78eade6b6d6e142453932a2a5c7cb00dc0695e465d12f910141228d48c213e9c902409c0a5b67c',2,1,'authToken','[]',0,'2022-01-18 21:26:47','2022-01-18 21:26:47','2023-01-18 22:26:47'),('0ec62d6e6d9bcf0578008476447d6fdcdcad64bef1346d8c48389debb014f06457564e45270a39bd',1,1,'authToken','[]',0,'2022-01-30 12:47:06','2022-01-30 12:47:06','2023-01-30 13:47:06'),('0f19c9688e4a0f6432d479683e891fbc17bbd0a35f4d35098bf214709febf10ece6ce0c7a16fed8f',2,1,'authToken','[]',0,'2022-01-18 22:24:04','2022-01-18 22:24:04','2023-01-18 23:24:04'),('0fa54aaf1ad3f1318f3cfbe52704091a1418fb4d1b835268f19b43299fbdfb167e5964be84bd313a',1,1,'authToken','[]',0,'2022-01-28 19:37:14','2022-01-28 19:37:14','2023-01-28 20:37:14'),('10582cc154f80f7182cff445e0b2c993582162175d69ba547494b8d88c29270cc67b0a7a52ec3eab',2,1,'authToken','[]',0,'2022-01-24 20:14:40','2022-01-24 20:14:40','2023-01-24 21:14:40'),('12c3d0f5a8aaa68fe2b3e7392ddf08ed8f95e1775126daff240e7c5940b3f7f0f1a3df61a9250bf5',1,1,'authToken','[]',0,'2022-01-13 08:02:45','2022-01-13 08:02:45','2023-01-13 09:02:45'),('13ed5fca43784b7446d90fa45f633edece7fc327258f0e796731bb2fd5e01491a20a6c0a81b3887f',1,1,'authToken','[]',0,'2022-01-25 10:03:15','2022-01-25 10:03:15','2023-01-25 11:03:15'),('1493228a10d492d3bf3a88df876690e18bde99d8da03832c2be086c36873182cd70fbcfe753aa7fd',1,1,'authToken','[]',0,'2022-01-26 11:48:48','2022-01-26 11:48:48','2023-01-26 12:48:48'),('1568758d34855f0cdc1acbbc06a1e600c91b49517ce9fdbf633e76e87b36a6b516d9fce1d3e2f06c',2,1,'authToken','[]',0,'2022-01-24 20:06:30','2022-01-24 20:06:30','2023-01-24 21:06:30'),('174bbdd909b3199cc556567f10e19e1d6a969824791d80d6c5270f551eaccbcf8fd38fd40d07bb04',2,1,'authToken','[]',0,'2022-01-18 21:27:26','2022-01-18 21:27:26','2023-01-18 22:27:26'),('1848b2476a69211dc3ea4c71cb9e953d583b465bb71c8ce2fac340e2509a37dbb83288e60f4caa8d',1,1,'authToken','[]',0,'2022-01-31 08:32:05','2022-01-31 08:32:05','2023-01-31 09:32:05'),('1940783f733e0ea896d468f0a9a1a7e840b8536c22e2641a4ec4e0477dd5b49c2566892614fe74fe',1,1,'authToken','[]',0,'2021-12-07 14:08:28','2021-12-07 14:08:28','2022-12-07 15:08:28'),('194e3f6dc6ca6040acae4824cc5729fe51be86f6dc1fdaf5e659c9e457324e4b2c78982095128bd7',1,1,'authToken','[]',0,'2022-01-26 11:42:12','2022-01-26 11:42:12','2023-01-26 12:42:12'),('196dd749463b0a63c2f2f496a39281a4873cd20ffbf78cae67e2d4c946862deb2cccbde3fca8ec22',2,1,'authToken','[]',0,'2022-01-18 21:40:51','2022-01-18 21:40:51','2023-01-18 22:40:51'),('1a3c366a706d18f547ca7522d1423dea5775ca37cc6a8b1384bcc3dd1d983fbc91f599b740a16971',1,1,'authToken','[]',0,'2021-11-29 07:59:30','2021-11-29 07:59:30','2022-11-29 08:59:30'),('1a5752da120bb3e2e5254e9e0d6f916b64154cda091cd12ced19276b08c26ebf05c2691afea9a8b4',1,1,'authToken','[]',0,'2022-01-31 12:30:40','2022-01-31 12:30:40','2023-01-31 13:30:40'),('1b08e5191d213c077460b6a10fae92c91a93110afa0c6cb254e4a2a279520eb546cc81c3ed4ffd6a',1,1,'authToken','[]',0,'2021-11-29 09:27:41','2021-11-29 09:27:41','2022-11-29 10:27:41'),('1b2a81e1ae08400077def43e17dbb83ea0d6074eb80287b14dcefbe8843fa80396865aa015c8acca',1,1,'authToken','[]',0,'2022-01-26 10:25:11','2022-01-26 10:25:11','2023-01-26 11:25:11'),('1d6109c768c8d6ce88b0f36e195cc6cb1ee54b991825b0ffb328482410e04a3cbf104b96709f990a',1,1,'authToken','[]',0,'2021-11-29 19:55:52','2021-11-29 19:55:52','2022-11-29 20:55:52'),('1dadc7cab383290f2bcc0e580b0efa40d3b8c991fbe9376ea9591b09b65c74776e83cca8398d9dc9',2,1,'authToken','[]',0,'2022-01-18 21:19:22','2022-01-18 21:19:22','2023-01-18 22:19:22'),('1efb0d87cb107d417d8cd719ccb8592eadeec6a29a6e755b0afe5a98cccefe7d95085cf97bcf6157',2,1,'authToken','[]',0,'2022-01-24 14:40:25','2022-01-24 14:40:25','2023-01-24 15:40:25'),('1f1769479ce567f97b3ac1988dfca81df64214345fab4937b6db737eb94835f0d2a6f5d6a2443d3a',2,1,'authToken','[]',0,'2022-01-24 20:17:28','2022-01-24 20:17:28','2023-01-24 21:17:28'),('1ffc48f8f27302d52aeb1cfc08e77602f1bb0006c075848261d00182cb0972eb85cbd79a34b6e770',1,1,'authToken','[]',0,'2022-01-13 04:32:51','2022-01-13 04:32:51','2023-01-13 05:32:51'),('22cd0969cf8f07efa2ebaf1c59af005e0505c6c23b219538d08aa5b95f7f564ec983139e0f4783a0',1,1,'authToken','[]',0,'2022-01-13 03:55:11','2022-01-13 03:55:11','2023-01-13 04:55:11'),('2302a7252a27f4d1695a9974c316bb49a22ec3d31930e8774cc6e0493e3c847c27c3e86468b9dd69',2,1,'authToken','[]',0,'2022-01-19 12:00:59','2022-01-19 12:00:59','2023-01-19 13:00:59'),('233198089138c607ad26a472034967befe1d42fab75889bba67cf46702c6eeb389faa1ebff2701ee',1,1,'authToken','[]',0,'2022-01-31 12:42:24','2022-01-31 12:42:24','2023-01-31 13:42:24'),('2612bf2a39fd24a60dd1e451e80ba1d86d91d4b7c3d96009e933c679281407a7201a8e1a5f52952f',1,1,'authToken','[]',0,'2022-01-29 05:16:46','2022-01-29 05:16:46','2023-01-29 06:16:46'),('272010c5d87818af6af22ba79d342ad5342ef384708a28905df96512608cf4badf64ada4e9d03fe3',1,1,'authToken','[]',0,'2022-01-31 13:02:37','2022-01-31 13:02:37','2023-01-31 14:02:37'),('27a7d69859f502bcac5d29dc098025ec14afff39467959a01e779e9ef45184051389991327a4c955',1,1,'authToken','[]',0,'2022-02-02 08:28:32','2022-02-02 08:28:32','2023-02-02 09:28:32'),('292509428de420d592d24e73996d2240525f3f75409cc36162fd0edea25d1499a65dedb0f5b548d9',2,1,'authToken','[]',0,'2022-01-24 13:29:17','2022-01-24 13:29:17','2023-01-24 14:29:17'),('297be0951292eee83b8f73fbc0a976faba1a1eb6219d98e02b7b4762df901cb6a7927837173d9e11',2,1,'authToken','[]',0,'2022-01-24 14:01:08','2022-01-24 14:01:08','2023-01-24 15:01:08'),('29e4a8e9bbe7ba47d7f182c34f771540005a10291ad8e40bb34f8414ab1efecf59d652913bf2cfc0',1,1,'authToken','[]',0,'2022-01-25 13:27:14','2022-01-25 13:27:14','2023-01-25 14:27:14'),('2a357340fb6856f77fc10ee6f34ac010a6b59dbbbf5870042d8108073083d36451431e35095db564',1,1,'authToken','[]',0,'2022-01-26 08:04:46','2022-01-26 08:04:46','2023-01-26 09:04:46'),('2aa1f194960836093434d689436a95dd7834883b161b8b5a54b1b0531bcbff3c1d15cc88e1aac217',1,1,'authToken','[]',0,'2022-01-25 10:06:40','2022-01-25 10:06:40','2023-01-25 11:06:40'),('2c2f5cb163f1752cfc66c797670214ea022c6ea30b34fa0a2ed540eb638f5bfd0fe07bb74dd6ab01',1,1,'authToken','[]',0,'2022-01-13 08:26:12','2022-01-13 08:26:12','2023-01-13 09:26:12'),('2d8196bfd78b46590f9b3e1f4099abdf72bc126b9d716cff042c58c9ecc63144d255e7704f7c5754',1,1,'authToken','[]',0,'2022-01-30 18:42:55','2022-01-30 18:42:55','2023-01-30 19:42:55'),('2dcd591c8fdd1cadbb6ada5e7dcd34606616fe3a0409bac3871ce47b5aeaf052b60f948c066b115b',1,1,'authToken','[]',0,'2022-01-26 08:09:53','2022-01-26 08:09:53','2023-01-26 09:09:53'),('2f3e659d90bdb45a1696926d1ff53700586af82f75b71276dded739fecf9c70ccce35ef54338d8ce',1,1,'authToken','[]',0,'2022-01-26 10:08:30','2022-01-26 10:08:30','2023-01-26 11:08:30'),('2fe651071a1b8fe6f5c15d21fd06dcb74b4468c567e591bd901713bc8017d8a4dfd987f5193f3adf',2,1,'authToken','[]',0,'2022-01-13 09:08:33','2022-01-13 09:08:33','2023-01-13 10:08:33'),('3120b92db2cdbc7bd8c653ffba7ee79666953b602d385b8097682a8addf529fd4440fc3d45e623a6',3,1,'authToken','[]',0,'2022-01-13 12:47:35','2022-01-13 12:47:35','2023-01-13 13:47:35'),('31e23fad1425c7b2ef0381eb274c6241f4db5fb25f08bf48e95df83b73094dc787f49a0a83830f22',1,1,'authToken','[]',0,'2022-01-27 07:02:13','2022-01-27 07:02:13','2023-01-27 08:02:13'),('34e9b04ed255756f1089a73b5b6c397affda26f24c420e909b08464fd9d90ce30ac01185abc83b8d',1,1,'authToken','[]',0,'2022-01-19 21:19:44','2022-01-19 21:19:44','2023-01-19 22:19:44'),('34fb19272fd4dcd63061847942cb01253236fddb0907285c1349516a3dcb503b8216cd2a26f783b9',1,1,'authToken','[]',0,'2022-01-26 08:28:50','2022-01-26 08:28:50','2023-01-26 09:28:50'),('35389feaf08712f3075555438ed2223c23b337cb39fe010ddb9f2d6235e60c1f555f8b3e5374b736',1,1,'authToken','[]',0,'2022-01-31 12:55:40','2022-01-31 12:55:40','2023-01-31 13:55:40'),('364c35ea0f20db9fa8d47188a3183f4cc1965668cc2030e5fe4f96d2d2959bbc77dd221d40fa1907',1,1,'authToken','[]',0,'2022-01-13 08:34:56','2022-01-13 08:34:56','2023-01-13 09:34:56'),('366adb2c8a2d744ddbd7d752afe9b0001a10771e1f2d826d545c0c24485d040befe2927f35013dd2',2,1,'authToken','[]',0,'2022-01-24 20:28:26','2022-01-24 20:28:26','2023-01-24 21:28:26'),('3716dc6a9b4b98eb842d4a654957c63921b6a192e04baf34a4440ec774e50aecd8734688e70213e1',1,1,'authToken','[]',0,'2021-11-29 19:50:44','2021-11-29 19:50:44','2022-11-29 20:50:44'),('37312a3963b6dadacb553c4b27915c76b8f7eeb20f3dc2c5b410ac68277e8ae79fe9938dd5c177e4',1,1,'authToken','[]',0,'2022-01-25 09:58:30','2022-01-25 09:58:30','2023-01-25 10:58:30'),('37f82c4b753a55fb731f51d0410973629106387dfc2ab4783b84025386d842b3e52e75f3012a0075',1,1,'authToken','[]',0,'2022-01-31 11:52:22','2022-01-31 11:52:22','2023-01-31 12:52:22'),('38bbee3ab639b9c12d784f81fe51d1708053383caa6b36fb93a7f67a1c56bb820da5c70d8a81fd2b',1,1,'authToken','[]',0,'2022-01-25 11:19:05','2022-01-25 11:19:05','2023-01-25 12:19:05'),('3a540001878141e618d64bd2c771610fedeb8834abd2e51ffa4fe21c1d5d73ddf2bd0fbee839e568',1,1,'authToken','[]',0,'2021-11-29 19:58:14','2021-11-29 19:58:14','2022-11-29 20:58:14'),('3b5b29bd5e52c227abe06afb039cd22c7dda2bd8460b8c2c15c7c68facb2d976122d647032aedab2',1,1,'authToken','[]',0,'2022-01-13 08:38:38','2022-01-13 08:38:38','2023-01-13 09:38:38'),('3c98aac5cfc1931b79289d19d41b31baab87572097067228492969bc4bd73247d711cf066e757614',1,1,'authToken','[]',0,'2022-01-25 09:56:02','2022-01-25 09:56:02','2023-01-25 10:56:02'),('409d741dab59fdfc850434e35b6f09fb9317f9f3978a2365c99a81b390dba677d12bd31167316bfc',1,1,'authToken','[]',0,'2022-01-25 10:28:20','2022-01-25 10:28:20','2023-01-25 11:28:20'),('410b1460d4e25db4ec19459686d55c58399464ffec4710c807f1a0bb70c4b95c5ad56b9f74f19abe',2,1,'authToken','[]',0,'2022-01-18 21:19:45','2022-01-18 21:19:45','2023-01-18 22:19:45'),('41430c53bb0b4bf5380f218057fe252146ab9baedc6e7b3a88b2a48662ac8d10284c498a3808533a',2,1,'authToken','[]',0,'2022-01-18 21:44:46','2022-01-18 21:44:46','2023-01-18 22:44:46'),('426a0224ed706f4ceaf0e4cc09ace63cbbd82affcbb6f9a56f6a506fda30d3cb291710de94b920f1',1,1,'authToken','[]',0,'2022-01-25 13:26:02','2022-01-25 13:26:02','2023-01-25 14:26:02'),('429cbf7bcc76dc090b944929a2584bc283f09f77c7c5e1353e4225871ebebeaeca54bdf48d98de3d',2,1,'authToken','[]',0,'2022-01-18 22:37:03','2022-01-18 22:37:03','2023-01-18 23:37:03'),('4367e0df0cc18ad82104026379d0f666ee3805ba1f012e1f24050522abcc9177337d33cd7f38003b',2,1,'authToken','[]',0,'2022-01-18 22:23:31','2022-01-18 22:23:31','2023-01-18 23:23:31'),('466330634e974f5a4a8eed5c74ff13b0fe53f5c792ff75392b9a5fd783ff54ab4d29054845acb3a7',1,1,'authToken','[]',0,'2022-01-26 07:07:04','2022-01-26 07:07:04','2023-01-26 08:07:04'),('495e2aa18087ded6a29cf41cf2e694cc18226f8301685a69b5f259f7d2beaefc4a96eccaa77d371e',1,1,'authToken','[]',0,'2022-01-30 13:28:24','2022-01-30 13:28:24','2023-01-30 14:28:24'),('496496c327c86f479f443dbd0dbdc704ed3b990e242c4fc4e70c4b2f3f75f412027a2b469f0a04b7',2,1,'authToken','[]',0,'2022-01-24 20:39:08','2022-01-24 20:39:08','2023-01-24 21:39:08'),('4a6e7b68d43898ff1d393b22dfc78bca445d2cddbb3a6fcf6c7dcbf581c8936b4455ea405d3c2b92',1,1,'authToken','[]',0,'2022-01-26 13:38:56','2022-01-26 13:38:56','2023-01-26 14:38:56'),('4a9adc749c3b41f41d0cee6f734d124efe491570419a37ac471b8542fefbba9eab3dd91aad05a1ed',2,1,'authToken','[]',0,'2022-01-24 20:44:26','2022-01-24 20:44:26','2023-01-24 21:44:26'),('4acc754c9f47b0b29106fefa9194ea8daebc95693d756d1f30a4d840187e90841b1801e76ad062eb',2,1,'authToken','[]',0,'2022-01-18 22:16:51','2022-01-18 22:16:51','2023-01-18 23:16:51'),('4afe2c950f2bfd9f8ee58b3e2411cba4a2eb0b4714f7c2eba75d8d58b2736270847c0c005733c177',2,1,'authToken','[]',0,'2022-01-19 12:05:14','2022-01-19 12:05:14','2023-01-19 13:05:14'),('4b182c59c69c24f27746487579254d2b7e2009924b06ce88b153376429082cb35b552c9c32c362f5',1,1,'authToken','[]',0,'2021-12-01 11:45:22','2021-12-01 11:45:22','2022-12-01 12:45:22'),('4b362ccff1c7ab5719d013d2eb7056f91d59d7db5853348adcfc64918dd42fe0f4f987623f44cc6c',1,1,'authToken','[]',0,'2021-11-29 09:16:31','2021-11-29 09:16:31','2022-11-29 10:16:31'),('4bb96d0068cba08e5d10e7fd89ab9249561e741f9d049a8770ed64d83904d56648ae11bac1a2e9b5',2,1,'authToken','[]',0,'2022-01-19 11:45:34','2022-01-19 11:45:34','2023-01-19 12:45:34'),('4c18319f52b2df8538328b37a11f021955198dd9aa834c51d55ec794925e3f69c3e58f4ea9fe8ac9',2,1,'authToken','[]',0,'2022-01-18 22:23:57','2022-01-18 22:23:57','2023-01-18 23:23:57'),('4d0e706698c8c5ce9927a816494afdc7b96c7c4a5011d0d2f9d8fd73d343e3aadf4b83949d816945',1,1,'authToken','[]',0,'2022-02-02 07:55:47','2022-02-02 07:55:47','2023-02-02 08:55:47'),('4e61a7dd140e126db1bd7eee2ca2ea2c5223f6d2a06e4b99e26471c9e06ef3de36d19c6ae887671f',2,1,'authToken','[]',0,'2022-01-19 13:22:50','2022-01-19 13:22:50','2023-01-19 14:22:50'),('4e66284347d757525567c227a746d493fae35b7431afabb214480acf54dce16461f19cdeb75b47d3',1,1,'authToken','[]',0,'2022-01-26 07:51:13','2022-01-26 07:51:13','2023-01-26 08:51:13'),('4f0cfd865aa8511f8ac832f0b2381b69f45c7e771ee5eba6127e24ce0b9852a0765f58ead8447d17',2,1,'authToken','[]',0,'2022-01-25 08:15:20','2022-01-25 08:15:20','2023-01-25 09:15:20'),('4f6029976b922d7a5d1c2929c543a5671c40c4c0a4f7bb49801f19fda5455869ad3fd6ff0cddd4ae',1,1,'authToken','[]',0,'2022-01-31 09:07:42','2022-01-31 09:07:42','2023-01-31 10:07:42'),('50bdb1138e3ce8dfde1a36e95116683d96871e99ffb5e4bf509d6efc0512b4adaec0131106691ac4',1,1,'authToken','[]',0,'2022-01-25 10:47:47','2022-01-25 10:47:47','2023-01-25 11:47:47'),('51c648ac5caad3b26e64587e99b6d4e4554b39a6924fc7b483c7a694e07b15bd649f79370ab47742',2,1,'authToken','[]',0,'2022-01-24 13:59:12','2022-01-24 13:59:12','2023-01-24 14:59:12'),('5300e1ffd7caa89e7a1b26e9eb5421bb2958f385e0f61e4408a6e7cab262ce5185aa67677a8b15ad',1,1,'authToken','[]',0,'2022-01-26 08:46:43','2022-01-26 08:46:43','2023-01-26 09:46:43'),('55735be02c6b736d9c02f60fe5c9a2b8edd11917d44c8698db8132fd5614bfbf5c7e4fc09cd66666',2,1,'authToken','[]',0,'2022-01-24 20:18:59','2022-01-24 20:18:59','2023-01-24 21:18:59'),('557d674af775f309e0813b8a38287b430b73e8046fae52c3e63d15b9752fd5657f1dca0b67d8a04c',1,1,'authToken','[]',0,'2021-11-29 19:34:50','2021-11-29 19:34:50','2022-11-29 20:34:50'),('558b52d6d474160cc36623c2486cc05eac5fcaf7b93150de20ba17546c5c41690f92559d392a90d7',2,1,'authToken','[]',0,'2022-01-18 22:37:44','2022-01-18 22:37:44','2023-01-18 23:37:44'),('55ac2582b3a37f7197350cb6aacaf66a1cab9da61b2631a75a3854a38abc312bc0b47b6426f247b0',1,1,'authToken','[]',0,'2022-02-02 11:20:23','2022-02-02 11:20:23','2023-02-02 12:20:23'),('565b0c8af139e9c289692ee681a68951b2f9c0352545ce25cad3532e031a57331b57699f0d650e30',1,1,'authToken','[]',0,'2022-01-25 09:20:07','2022-01-25 09:20:07','2023-01-25 10:20:07'),('572945cae64f5a6f168e534f3a03b9bdf19055a4c4f9cc0e087806fb328740d52255d295402ec86b',1,1,'authToken','[]',0,'2022-01-26 11:43:13','2022-01-26 11:43:13','2023-01-26 12:43:13'),('588137c97ceb5a24bfbd8c67b2f0e1cb8aa24a852917565b00d0073bf402a3af6f7cb3e718376214',2,1,'authToken','[]',0,'2022-01-19 12:07:22','2022-01-19 12:07:22','2023-01-19 13:07:22'),('5970cb854a384fda03b2c980cc649a96da7dd4eccce02d97e4eaa5130242b13d2ec2b97bb669a982',1,1,'authToken','[]',0,'2022-02-02 08:21:58','2022-02-02 08:21:58','2023-02-02 09:21:58'),('5a662e1a7150e3849a7344daaa557c818e004e08691785078365981392037466d4fec7fd5605282b',1,1,'authToken','[]',0,'2022-01-26 11:26:09','2022-01-26 11:26:09','2023-01-26 12:26:09'),('5c618cdb155c40bd920758edb267ff611a5a6cea25c5dc634610caae59d6fa21b052b41e23f955f4',1,1,'authToken','[]',0,'2022-01-31 09:43:04','2022-01-31 09:43:04','2023-01-31 10:43:04'),('5d9b24fc157ea788ec0f42d220dd4308289ca62bef3eaf46cbfaaa350819ce0f9fd20474046aae33',1,1,'authToken','[]',0,'2022-01-31 08:06:08','2022-01-31 08:06:08','2023-01-31 09:06:08'),('5de973fe5b125fd6b6ebc5d6cf92cdc2a26815da49e7c4f30d408cf66421d1932e877bbaffb78b3d',2,1,'authToken','[]',0,'2022-01-24 20:44:45','2022-01-24 20:44:45','2023-01-24 21:44:45'),('5ebbf8d0a5c190d4218d037630f1ff1e52649ceaab6556e3799bd04c65cbfaf49a5fff98e5a681bb',1,1,'authToken','[]',0,'2022-01-31 08:21:28','2022-01-31 08:21:28','2023-01-31 09:21:28'),('5f71ddf1d9c2dff63113943680111cd8e9ddc31217cd2f8d7cd94bc83be04767a3d58dc7656ee1de',1,1,'authToken','[]',0,'2022-01-13 08:21:39','2022-01-13 08:21:39','2023-01-13 09:21:39'),('60cd61fd5bc3cfed6e3b5aa55f771d9eef2551698c2ff40b79cfa2dff8842b5f309674995782177d',1,1,'authToken','[]',0,'2022-01-26 13:39:33','2022-01-26 13:39:33','2023-01-26 14:39:33'),('62190f30d47ab913a94700f7ba804ef975a939680f0f181d36da807d77ddb85cabe0b1345265b636',5,1,'authToken','[]',0,'2022-01-13 09:15:09','2022-01-13 09:15:09','2023-01-13 10:15:09'),('622c646dbf22d1b593fecc5b96b5c119d4d2032b10dba4af4bb60236d65148c41f2961152b076790',2,1,'authToken','[]',0,'2022-01-18 22:13:55','2022-01-18 22:13:55','2023-01-18 23:13:55'),('62661a8f32b77cf4705021f8f2176f52cf9e65fd5ca3c4add9238c032879cc825298743c1f0e076f',1,1,'authToken','[]',0,'2022-01-26 08:34:34','2022-01-26 08:34:34','2023-01-26 09:34:34'),('62b5b07d6787cd8a81f16623051fa62c778a338d80dc19eccfd5a4c068c21bcc372b9a7439cf3e73',1,1,'authToken','[]',0,'2022-01-25 10:26:47','2022-01-25 10:26:47','2023-01-25 11:26:47'),('632ecc95f0bd9a2792e395f8dc55e5151a20fc5d80b641579d600694080020ed78c456100a7406e6',1,1,'authToken','[]',0,'2022-01-13 08:05:03','2022-01-13 08:05:03','2023-01-13 09:05:03'),('65dd99a9dfd865ec5348be2391c0cdc51bbbcc1549736ee68dcdfdbe7238057b2c2b26f115b668e3',1,1,'authToken','[]',0,'2022-02-02 08:00:47','2022-02-02 08:00:47','2023-02-02 09:00:47'),('669bf4925093c63b4414b5a031a37904edb57bcc08316017ee23381a13be504cd61088aab42d7a60',1,1,'authToken','[]',0,'2021-11-29 10:07:39','2021-11-29 10:07:39','2022-11-29 11:07:39'),('67378a9a8eddc5f3e5c7e56474d46ceb7b05f6af462ce5b534fe586c5a6826ee793ea3ccd508fd9e',1,1,'authToken','[]',0,'2022-02-01 06:32:13','2022-02-01 06:32:13','2023-02-01 07:32:13'),('68412f1d7d2f27084fceb087630857fd4d67cc1f7cd45b4e6af0fb2fce6ec3ac85f1435f6c4ca4b0',1,1,'authToken','[]',0,'2022-01-19 21:18:55','2022-01-19 21:18:55','2023-01-19 22:18:55'),('68bc8a1fbd9565c273b29d90bacd5915af1cda7314b9ce7d32e4396b72077ed53de921925e83422f',2,1,'authToken','[]',0,'2022-01-24 14:45:55','2022-01-24 14:45:55','2023-01-24 15:45:55'),('69033f9075a2bfdbd7259fbc13cf328854e8ed2692a92f867c8c2f186ac0ff1f414d09995bd4de2c',1,1,'authToken','[]',0,'2022-01-13 08:00:54','2022-01-13 08:00:54','2023-01-13 09:00:54'),('69aa0dae8f304bd60d65386920d16fd897c1e86bcd44d06219fb730738d8fe4813a676e377f160bf',1,1,'authToken','[]',0,'2022-01-31 09:05:08','2022-01-31 09:05:08','2023-01-31 10:05:08'),('6a88e11760903f21eee7a49ecbf99dd598444a62093db52c9134ef602f5f45a3532f8cbf47d594ec',2,1,'authToken','[]',0,'2022-01-13 11:44:05','2022-01-13 11:44:05','2023-01-13 12:44:05'),('6d1c0aa4f6e2254d04167e0b99cec6151e77b5be381748720c21fdf167ef55b1c58d298a171c4307',1,1,'authToken','[]',0,'2022-01-13 03:55:11','2022-01-13 03:55:11','2023-01-13 04:55:11'),('6d84be4ce7846f0c91f9bf9bd878827f7ba820642fefa12cd7c678a452b37d7984fc6c2d0fe147f1',2,1,'authToken','[]',0,'2022-01-24 14:16:21','2022-01-24 14:16:21','2023-01-24 15:16:21'),('6f7dff6b58503623b2e129f0732148edb18ca8efa8796fb19dfb667030a2e023bdf312a96cd849a9',2,1,'authToken','[]',0,'2022-01-25 09:22:36','2022-01-25 09:22:36','2023-01-25 10:22:36'),('6fb6ea8429538a0df74d4a4bffdb87f87f057116e097f1dcc221970726e8e772d2484d1fc6918cc5',2,1,'authToken','[]',0,'2022-01-19 13:57:38','2022-01-19 13:57:38','2023-01-19 14:57:38'),('7015062668b3f374b487a36e3254b8da9dda6e647353e05dfbc7da45c36a4e5bc830329c8a5be9df',1,1,'authToken','[]',0,'2022-01-31 13:01:14','2022-01-31 13:01:14','2023-01-31 14:01:14'),('7352a6066717db04fd54cb2a4e6cc866ca6268567b0a709cdc8da4591f03814bf0df4f5eb4cb1b6f',1,1,'authToken','[]',0,'2022-01-19 20:46:03','2022-01-19 20:46:03','2023-01-19 21:46:03'),('7448c4c19e4784973601ac8f01d9081b562bd8e99ebce3cd0f2a58f9ee0df276586b7f682cf3bd3e',1,1,'authToken','[]',0,'2022-01-31 13:12:56','2022-01-31 13:12:56','2023-01-31 14:12:56'),('7573951d995426e1ed7b27f43b89067ebd8556ab306fc8615c8a9b99033f3a0eb52af6cb3313bdfc',2,1,'authToken','[]',0,'2022-01-18 21:40:25','2022-01-18 21:40:25','2023-01-18 22:40:25'),('75fe4f80c203e827d9e33d1baf516f921f9d241fad87dd0e627993e5e0c10d06b9a525f826840a57',2,1,'authToken','[]',0,'2022-01-25 09:46:08','2022-01-25 09:46:08','2023-01-25 10:46:08'),('7678fc8a0ecd266a8dc898cb88c11977c03d231a8b3fdde815c1b5b298f27e4cb1622ee66ee417d0',2,1,'authToken','[]',0,'2022-01-19 11:53:34','2022-01-19 11:53:34','2023-01-19 12:53:34'),('77c09665d69f4bb368bd2318fac01d53da9c348ba6aa3a64f29a7a368a972a3c717f3de357824ed2',1,1,'authToken','[]',0,'2022-01-31 09:09:05','2022-01-31 09:09:05','2023-01-31 10:09:05'),('7933be7fa46f897c0891f0ab09a25c687678ee04ddff2eea76e5a2b26c8d706cfd6ae24f0c0c57dc',2,1,'authToken','[]',0,'2022-01-24 20:34:48','2022-01-24 20:34:48','2023-01-24 21:34:48'),('7b266ff39c14589fbeb754f8b1d421cd7f6496a396f9ce33a92a1d5426eb09824b4d926358d80b40',1,1,'authToken','[]',0,'2022-01-26 12:55:38','2022-01-26 12:55:38','2023-01-26 13:55:38'),('7b348f0574821ae200a2b723fb61b5ab4fa22a1caa7af94eff4f74f7bc4936c545d578ce7dd9e556',1,1,'authToken','[]',0,'2022-01-25 09:46:20','2022-01-25 09:46:20','2023-01-25 10:46:20'),('7c1a38924b45414743f2e44e36aa48fb968a75523c73ea17cf47d9e90e73d6916d0af65583e2f3f6',1,1,'authToken','[]',0,'2022-01-26 12:28:32','2022-01-26 12:28:32','2023-01-26 13:28:32'),('7c1f9b9eb29f944978ccf41eb7f7da216d3936cfaeba7ed3edcf32246ef33aa0b2cc375ac0d219c6',2,1,'authToken','[]',0,'2022-01-25 09:09:55','2022-01-25 09:09:55','2023-01-25 10:09:55'),('7da589e86823f0e1782912825abdf124f9b1eabe6095802df530fa4dc9c39be54801f52b050d603c',2,1,'authToken','[]',0,'2022-01-18 22:07:03','2022-01-18 22:07:03','2023-01-18 23:07:03'),('7e37bc6b71370c325a6d9bccd9cfcb42511477431224711f547dc24d571677760e926fd6f9edfe59',1,1,'authToken','[]',0,'2022-01-13 08:29:48','2022-01-13 08:29:48','2023-01-13 09:29:48'),('7f8d18ff269333f9f391615d0a6e702216a6b2d2ac707a7a98a934ceb53c9cdb3097527adc616ae6',2,1,'authToken','[]',0,'2022-01-19 13:57:10','2022-01-19 13:57:10','2023-01-19 14:57:10'),('82b0b9aefa767af0a708461ee62f471fca90f365a3a0844edcca9dc664a2fbd793951da4ae4af6e6',1,1,'authToken','[]',0,'2022-01-26 12:51:20','2022-01-26 12:51:20','2023-01-26 13:51:20'),('84061a11b99e580d00973bb44c588706655df27279a4bb062dadd4b885ad68a604baa5ce042eb611',2,1,'authToken','[]',0,'2022-01-18 21:24:09','2022-01-18 21:24:09','2023-01-18 22:24:09'),('8574bf1981804dafba310bd9be4ffc52368a9510242462529aa9d510f2cc0905a6c5c183137d213f',2,1,'authToken','[]',0,'2022-01-19 11:53:21','2022-01-19 11:53:21','2023-01-19 12:53:21'),('85d2a134b543ee27ab4c955cbcf4a4a6bbbdbe8bef5439f1a87485996326408fbd4e743b75e3a069',1,1,'authToken','[]',0,'2022-01-31 08:35:43','2022-01-31 08:35:43','2023-01-31 09:35:43'),('86e1fd4cf7ee2e2df6aef1a83fa19adcf07b909bcbb48cec02a81a600625a10abd8847a76fc48661',1,1,'authToken','[]',0,'2022-01-19 21:33:38','2022-01-19 21:33:38','2023-01-19 22:33:38'),('871f36fb43dd21cdb084a6035390b4856ea3a0343efb81c5e13be65a588e9ab2b5927adab68da6f7',1,1,'authToken','[]',0,'2022-01-26 10:07:30','2022-01-26 10:07:30','2023-01-26 11:07:30'),('87f44b0fabbedadc7591907197a373f9387179dc1ca1ff844ccd0bd66f0da79f67ed9145490a25b2',1,1,'authToken','[]',0,'2022-01-12 13:13:52','2022-01-12 13:13:52','2023-01-12 14:13:52'),('88420e3daada0b05ae52fa6c28001ec26bed6bc4f980f217127aed8f8deedb1baf4467be5299a862',2,1,'authToken','[]',0,'2022-01-18 22:33:58','2022-01-18 22:33:58','2023-01-18 23:33:58'),('88d14f0fd43764acf2c91028963303528345ea260afd211b98b5d878a91b3235da135d4961d62c83',1,1,'authToken','[]',0,'2021-11-29 09:13:50','2021-11-29 09:13:50','2022-11-29 10:13:50'),('8b991830b7187f6bd33a4a395e76fcfdb87146de68b8fddf203382728eacd5cc1faf4a1875848d65',2,1,'authToken','[]',0,'2022-01-19 20:42:55','2022-01-19 20:42:55','2023-01-19 21:42:55'),('8c3aa234360d1dc1e4f69d426fd55ebe066addd629a6575afc80bf2dc108392d4433b34342d0a978',2,1,'authToken','[]',0,'2022-01-18 21:33:18','2022-01-18 21:33:18','2023-01-18 22:33:18'),('8ca7172eece47385871557ffd3a9090b1eb22ee7b448f8cff772fe3c1879a8e3e6953b84704499f8',1,1,'authToken','[]',0,'2022-01-31 09:40:03','2022-01-31 09:40:03','2023-01-31 10:40:03'),('8cc05005f4274f319364493ca17b4290dc6f941d442b0ff4815a498f654e82de75e8afd9af75cc70',1,1,'authToken','[]',0,'2022-01-31 12:53:47','2022-01-31 12:53:47','2023-01-31 13:53:47'),('8d483c470af5783b1794ff260e105f2fc8d22940a256c97caf0fc6f5c56df0dbf70f4d0368cd6742',2,1,'authToken','[]',0,'2022-01-18 21:22:20','2022-01-18 21:22:20','2023-01-18 22:22:20'),('8e1b111a8f7c8f414ec01dc8ba0f3f137fe1c5073039e7d59809bc75c40b9b3318ce041eda7b6e6a',2,1,'authToken','[]',0,'2022-01-18 22:08:41','2022-01-18 22:08:41','2023-01-18 23:08:41'),('8fbb0ab085adebc2584d0f5326a7f625c979e0dc0a81ee10fdf73c908fa67680e617a4b2e58362ae',2,1,'authToken','[]',0,'2022-01-24 13:30:38','2022-01-24 13:30:38','2023-01-24 14:30:38'),('906df3850f83458b772c3b8d4c904ecce2b1ad0ebe2db48130ecdf9adeadc332e99d7f3ef9e6bfc3',1,1,'authToken','[]',0,'2022-01-31 08:05:22','2022-01-31 08:05:22','2023-01-31 09:05:22'),('90a2640bd994ce5ad836bc5db901951cef6665a7304ae80f387765fafbb441bd25c132907e2ac617',1,1,'authToken','[]',0,'2022-02-01 06:34:32','2022-02-01 06:34:32','2023-02-01 07:34:32'),('90fc20443b4d1dc8ff439ee2e6143b53bd5ac85ee0d2f6fdfbfeef5c88b98cbc75682aa0fb89e01c',2,1,'authToken','[]',0,'2022-01-18 22:17:24','2022-01-18 22:17:24','2023-01-18 23:17:24'),('91b2bbd5c9ea4fb34dfd940f2238de9572ac8f715f9726fb38ed1a076c5b14d73438f22647ec8cc6',2,1,'authToken','[]',0,'2022-01-24 19:58:18','2022-01-24 19:58:18','2023-01-24 20:58:18'),('927e7ff9d0852dc82e01538b23f63c53d9ccf09a73f58590c3d611a51bd46ca2fdaf3d6adf8a1c2f',2,1,'authToken','[]',0,'2022-01-24 14:45:10','2022-01-24 14:45:10','2023-01-24 15:45:10'),('946f0e6512548d8e63ebda9c6ca61d02e460101bdac0c820e2befa424c2890f1737aaa1559f2029b',1,1,'authToken','[]',0,'2022-02-02 08:14:25','2022-02-02 08:14:25','2023-02-02 09:14:25'),('95169aec376a49eb5fd090c723f38c56ee566b620141ad557197dc97cef09f79e61dcbaf88480782',1,1,'authToken','[]',0,'2021-11-29 19:56:12','2021-11-29 19:56:12','2022-11-29 20:56:12'),('96d25ae75c4556d9aaccd80abbb338efee88c2cb1122f7e5d189f8feb09badff4df3c0f16780a287',2,1,'authToken','[]',0,'2022-01-19 13:24:27','2022-01-19 13:24:27','2023-01-19 14:24:27'),('97504e056ecec723da6626bb7eeaeb494db2bc460d325f2c7fd817573d245a675ed188d51597252a',1,1,'authToken','[]',0,'2021-11-29 19:54:55','2021-11-29 19:54:55','2022-11-29 20:54:55'),('97b910f2e8f04c36b75a45edd2d04e686958cc9207da19bd609c2bb425109329a3e5db8fe4094183',2,1,'authToken','[]',0,'2022-01-18 21:28:02','2022-01-18 21:28:02','2023-01-18 22:28:02'),('98266decea1391240799e8071d65007a45172b8d3087b8fdbeb7001b9aa4f0588a1814220693f3ff',1,1,'authToken','[]',0,'2021-12-07 14:08:14','2021-12-07 14:08:14','2022-12-07 15:08:14'),('993aa2a3973d046656ee34a1f35791206ee5d3e0c2f5aec742ae9829bdd2c5ef4dcbe4112b7f94ef',1,1,'authToken','[]',0,'2022-01-25 10:29:14','2022-01-25 10:29:14','2023-01-25 11:29:14'),('99c6123fe40d4d9400cb75abc2b2db3dc127c8871a51b40d49303540e3fb0ece5d1e72fdeaf333ea',1,1,'authToken','[]',0,'2022-01-31 08:12:56','2022-01-31 08:12:56','2023-01-31 09:12:56'),('9acac9b27caafd56218f51c6589ac26286ac06d1168774499a83d5dea320d1933b3a1689f608f948',1,1,'authToken','[]',0,'2022-01-25 13:49:27','2022-01-25 13:49:27','2023-01-25 14:49:27'),('9c2e5310479f094f5d51aab98ab7fe6d4dd559c45d558c2d5082b318e6047ea0cb1fdc383f6735df',2,1,'authToken','[]',0,'2022-01-18 20:59:39','2022-01-18 20:59:39','2023-01-18 21:59:39'),('9d20224c5ef4cc4f86fc6e5958ba4ac919a72cc4101c78ebe2c5da900766d4fe26cc4bdb00a2f9fd',2,1,'authToken','[]',0,'2022-01-19 20:45:21','2022-01-19 20:45:21','2023-01-19 21:45:21'),('9d43d5b513656bf4f538ba95166072cc3ab7114cc24016fbccaa37eb0fae171906a7807ab855c4ce',2,1,'authToken','[]',0,'2022-01-18 22:37:24','2022-01-18 22:37:24','2023-01-18 23:37:24'),('9d5fcb56136ac870462fc382c1bfa7a098ee231157a1de79702ee34cb31afd06091643566335cbf8',1,1,'authToken','[]',0,'2022-01-31 12:58:15','2022-01-31 12:58:15','2023-01-31 13:58:15'),('9dc3de51c288798b85ccce2304b0d05fee2f4294388b79c4e425db7d8a14b5caa01e4db7759a7656',2,1,'authToken','[]',0,'2022-01-18 21:02:02','2022-01-18 21:02:02','2023-01-18 22:02:02'),('9f4dd14e52f311c818357ef992e800d7c1ee85c9c0c75cb53301dbfc95d8ab48c385cf12910c82ec',2,1,'authToken','[]',0,'2022-01-24 20:07:10','2022-01-24 20:07:10','2023-01-24 21:07:10'),('9ffd4d5760078e87eb60ed1024e38f8425cba9ce4aa1d180f4472db3b3595517f61a50e4f82887f1',1,1,'authToken','[]',0,'2022-01-26 08:56:55','2022-01-26 08:56:55','2023-01-26 09:56:55'),('a00e058e7d8c47a8227689bb867a366c0c60560c83437daa2100f4ec362bc7751cf7af626c28dc34',1,1,'authToken','[]',0,'2022-01-26 10:04:10','2022-01-26 10:04:10','2023-01-26 11:04:10'),('a2a64cc1f29be693e4e5e8f21885e9b81885b19e1a18e2e3f6881dacebdc9d4f35cb8719ffbce201',1,1,'authToken','[]',0,'2022-01-31 08:39:12','2022-01-31 08:39:12','2023-01-31 09:39:12'),('a2b1419be8b70b8b19c870cd7aef84b4560f7186dfdae818dd985e5fc755e59d86ef9fd284fd563c',1,1,'authToken','[]',0,'2022-01-26 08:35:26','2022-01-26 08:35:26','2023-01-26 09:35:26'),('a3932ea7cf3d71a0af566f6a35341c06229c68d905168652d3c52008b698348f11e2a7c5edf90267',2,1,'authToken','[]',0,'2022-01-18 21:24:51','2022-01-18 21:24:51','2023-01-18 22:24:51'),('a4b911f48541af89b7ba39bb6295ede292ffa48ae7553579108614bf751530cb95572d6c58e90a19',2,1,'authToken','[]',0,'2022-01-18 22:23:21','2022-01-18 22:23:21','2023-01-18 23:23:21'),('a54b7f8e262c28ba03a27bea817416a1bce230d0d0746edfc4c0238ed0eccee436e4b5d3efa2f53d',1,1,'authToken','[]',0,'2022-01-25 12:29:14','2022-01-25 12:29:14','2023-01-25 13:29:14'),('a677a9df8cda6bd7f75eed8c22332d2475516cf6a98ef8d143809a7ecc7414750ed26db512b92ce9',2,1,'authToken','[]',0,'2022-01-18 21:42:30','2022-01-18 21:42:30','2023-01-18 22:42:30'),('a7a6af63352a14ce7a0289658e86f5b04fd95df06a22100d13e851677eb105b7293de544084edf2b',1,1,'authToken','[]',0,'2021-11-29 09:22:30','2021-11-29 09:22:30','2022-11-29 10:22:30'),('a7fd6ebe455de268316e15849fe047e4b56f11a9d78bc03dbd16cc3848d0f2c6b28fdb1732c5d2e0',1,1,'authToken','[]',0,'2022-01-26 07:11:13','2022-01-26 07:11:13','2023-01-26 08:11:13'),('a944f1bd99dc712e32132e7a78bc40209ef2dad052c6939a143cf1a593e03aba4b83449a3d9834cb',1,1,'authToken','[]',0,'2022-02-02 07:57:12','2022-02-02 07:57:12','2023-02-02 08:57:12'),('aa07ea15232853f8a1312f723bdcc0750c51df6c38bb56dc5f6cc3c5792dfe78ba964d8c76ad1780',1,1,'authToken','[]',0,'2022-02-01 06:26:13','2022-02-01 06:26:13','2023-02-01 07:26:13'),('aa5db5690b1488565188285a71b40d547e8dd07e23e1b7bfbacc699bc58bc08137f3237cc6c5be50',1,1,'authToken','[]',0,'2022-01-28 07:55:20','2022-01-28 07:55:20','2023-01-28 08:55:20'),('aaed7eb1e3ab3506c568e0b647e04c039062b753630aff66bad791b197341f0452b8d1f733eb24f2',2,1,'authToken','[]',0,'2022-01-31 12:54:05','2022-01-31 12:54:05','2023-01-31 13:54:05'),('ab9817c8730d84b494e082cee94c5d47d1e48a69eb566630a0cc7ab58be485b0e33b4f3cc08a9e17',2,1,'authToken','[]',0,'2022-01-25 08:09:55','2022-01-25 08:09:55','2023-01-25 09:09:55'),('abbed3e564cd3860f74731bbd4cba609365bbf0d454eaefa7e05af0c2d266b1e692b03fa992ee136',1,1,'authToken','[]',0,'2022-01-31 11:56:04','2022-01-31 11:56:04','2023-01-31 12:56:04'),('ac78da2692fc3043578d49299af2ec962c44bb6084841cb54576d97cb67e94401361490fe4b6a865',1,1,'authToken','[]',0,'2022-01-25 09:23:21','2022-01-25 09:23:21','2023-01-25 10:23:21'),('acc1be34a011fc06cff08b476387d7af0bc88e4a421babe4afd9be5c38868e2d84ade997ac5537a6',2,1,'authToken','[]',0,'2022-01-19 13:38:42','2022-01-19 13:38:42','2023-01-19 14:38:42'),('acf9da9bba57dd185453c4dd69c58d80bcf2eb8310eec4771c9ed20a046e6e756c57763e103efc38',1,1,'authToken','[]',0,'2022-01-13 09:29:31','2022-01-13 09:29:31','2023-01-13 10:29:31'),('ad52da18379740526e558b5329812d7995621dce7c02fa4c8ce806b193029cf5c27d0c9f1714f6c2',1,1,'authToken','[]',0,'2022-02-02 08:40:02','2022-02-02 08:40:02','2023-02-02 09:40:02'),('adcf1b5f8c5df80c7c41e8c24b2d7a7f0efefb821c779da9a548b630b12de85839c97e4971752454',2,1,'authToken','[]',0,'2022-01-24 14:05:30','2022-01-24 14:05:30','2023-01-24 15:05:30'),('aeb89411e7bc469f339713d464deeac78d2c4b4d764c6987dd71c556dfcc65ca8b6630fb106b8754',1,1,'authToken','[]',0,'2022-01-25 11:55:18','2022-01-25 11:55:18','2023-01-25 12:55:18'),('aff6d81373ec2fa2300c0ab28239723398ab2b9cd94dcac91ad51fa1a66192f0141a7786127468ea',2,1,'authToken','[]',0,'2022-01-24 14:17:24','2022-01-24 14:17:24','2023-01-24 15:17:24'),('b17fb41cad9e73d3111495e9dfb0ec9753a32b87578a9b9a080e6a6de545040903625727e8a60edb',2,1,'authToken','[]',0,'2022-01-18 21:17:37','2022-01-18 21:17:37','2023-01-18 22:17:37'),('b27334075456fbbe4bef9f02c53683de61216635e9eab4dc4912a546b9c24dda092e426d2700597a',2,1,'authToken','[]',0,'2022-01-19 11:57:15','2022-01-19 11:57:15','2023-01-19 12:57:15'),('b9945a13b87668a44c0538960c04cfc66b5a31871719a797eeba0e8b3ce2fdd624b82d6d83ccd0da',2,1,'authToken','[]',0,'2022-01-18 21:10:41','2022-01-18 21:10:41','2023-01-18 22:10:41'),('b9d5d8c37911942ac9190f3c952743de707d13bd688b65606896deab1b4ba52e3e613bdbee93574c',1,1,'authToken','[]',0,'2021-11-29 09:19:44','2021-11-29 09:19:44','2022-11-29 10:19:44'),('bb3c9a77d3d022ccfe919039366f28cddc581e625158ea0f15dc41fd51ddc6702924187b72157ee9',1,1,'authToken','[]',0,'2022-01-30 13:24:30','2022-01-30 13:24:30','2023-01-30 14:24:30'),('bbab458ffeabcc6cc4d88aba2d79ba92aa2689caef823294c49777248a528a9e109d7092dcfc1ae2',1,1,'authToken','[]',0,'2022-01-12 06:55:37','2022-01-12 06:55:37','2023-01-12 07:55:37'),('bbd26aff115a61320570b630d5a091094d81ce27a100616c365b9307ae8cad2c0e3b9e6f1c53f438',1,1,'authToken','[]',0,'2022-01-19 20:43:39','2022-01-19 20:43:39','2023-01-19 21:43:39'),('bc9a2f78c022134d2a672c55c025243065a4af08b89061176056ef6167a9b171d42cf0b45ea13975',2,1,'authToken','[]',0,'2022-01-24 13:46:50','2022-01-24 13:46:50','2023-01-24 14:46:50'),('beccccc04eef2edc549b2aeb2d2ff55c1bda94cdef1bfddddb66a13e1c54ac337798ce396147a88a',1,1,'authToken','[]',0,'2022-01-13 04:25:19','2022-01-13 04:25:19','2023-01-13 05:25:19'),('c00774aca8bc1a9413c44556a0e745417a14ff58c0a811e79dc14d56f06137d0f3525dfcf12c7cc0',1,1,'authToken','[]',0,'2022-01-25 10:24:17','2022-01-25 10:24:17','2023-01-25 11:24:17'),('c1e19c0d9815a156886012da26dc470b624f62f03a6d7f86956ce2d2bf090dac2b5c080cee78e828',1,1,'authToken','[]',0,'2022-01-13 09:24:22','2022-01-13 09:24:22','2023-01-13 10:24:22'),('c22268adbcf942990ad4f9467d4733361cfe971b1d0a06b09d56c75a962df7d3eb0f4530b9efedfb',1,1,'authToken','[]',0,'2022-01-30 13:19:55','2022-01-30 13:19:55','2023-01-30 14:19:55'),('c24b21c7fc4617836cf9187ab3326b273804ac12f02a91efd1b814f6abd711ef2a94b16734b0d3ed',2,1,'authToken','[]',0,'2022-01-24 14:46:33','2022-01-24 14:46:33','2023-01-24 15:46:33'),('c25f69195191e960b7b8243024456bae51015c49312093c35d18021e1f22a0c51a81aa615f734450',1,1,'authToken','[]',0,'2022-01-31 13:03:42','2022-01-31 13:03:42','2023-01-31 14:03:42'),('c366ef4bf6651fe553643fc5e6a749ca71902bc0c3ebfec96d01a5e64cd6d792ade4650f39b42681',1,1,'authToken','[]',0,'2022-01-27 09:07:05','2022-01-27 09:07:05','2023-01-27 10:07:05'),('c482704da81876313622a1be492a5bd3c821bb3577936f245a02d2e21cfd55898b888d0df35c0799',2,1,'authToken','[]',0,'2022-01-18 21:55:46','2022-01-18 21:55:46','2023-01-18 22:55:46'),('c4de04de142028e453b4e3c922bd0496b7d3c3175b3ffbe172fcfa8c7e3570e83ecdae816e88449a',2,1,'authToken','[]',0,'2022-01-24 13:38:08','2022-01-24 13:38:08','2023-01-24 14:38:08'),('c4e8c975d2e4db4d3ea25c9ab47f3c81050cc6e6c7e385dc86c4594d868ea3c59e8cc345b61e6d01',1,1,'authToken','[]',0,'2022-01-26 10:20:26','2022-01-26 10:20:26','2023-01-26 11:20:26'),('c9491e2736f3f4df0962df981f81f22290f538c384472baf0b1c4c75041fad38009d1b8cb64cf1bf',2,1,'authToken','[]',0,'2022-01-24 13:38:49','2022-01-24 13:38:49','2023-01-24 14:38:49'),('ca415874a62ed0e598ee3c34504217aff92ef51af01020e219fa0a1817bcf44b2388479732c58677',2,1,'authToken','[]',0,'2022-01-18 21:30:33','2022-01-18 21:30:33','2023-01-18 22:30:33'),('cb4fa3124a5d7cefe9658ce2fc60e4ae23ad52c644e2bbfc51c44cd9582a3e409e6a7f125c9f1242',2,1,'authToken','[]',0,'2022-01-18 21:10:14','2022-01-18 21:10:14','2023-01-18 22:10:14'),('cca09e83165ce229d02afbb4fee32cdd928a171f935a3bbb85530ecc24d660b094ba171c4c719024',1,1,'authToken','[]',0,'2022-02-02 08:19:38','2022-02-02 08:19:38','2023-02-02 09:19:38'),('cca507b2517d5c19ac1c63df92fb26c8781831e1adaab3f2d7490e335a132be472dd44c3cee51184',2,1,'authToken','[]',0,'2022-01-13 12:45:54','2022-01-13 12:45:54','2023-01-13 13:45:54'),('ce2f6ce61880303570203863577f629ef849e1ecc12b89d1d4aa1c5ed2480b488170bc8cfca27d33',2,1,'authToken','[]',0,'2022-01-19 06:40:00','2022-01-19 06:40:00','2023-01-19 07:40:00'),('ce87bbc47c9f16edc7c623f3c5d53953248825512341432cfc7e72d9bbaa84c971e3e5c3df4176e5',1,1,'authToken','[]',0,'2021-11-29 08:42:36','2021-11-29 08:42:36','2022-11-29 09:42:36'),('cf0f89edbb56f192b517138ad51a8da0d90e235d051d232281a35e508d2d2962ced925c7071b13d8',1,1,'authToken','[]',0,'2022-01-19 21:17:44','2022-01-19 21:17:44','2023-01-19 22:17:44'),('cf8209b637eb62ed3bfa6e10f8ac7c30c35e7d2868afbd4ce98f01811a88d54a7a84d25e02b9d2c4',1,1,'authToken','[]',0,'2022-01-25 11:18:04','2022-01-25 11:18:04','2023-01-25 12:18:04'),('cfdf7857376c6bf968f2de2f22f4ed65f6d84c14b3b95db4966e57a245949fd21b02f58c86cfcf90',1,1,'authToken','[]',0,'2022-01-26 07:42:54','2022-01-26 07:42:54','2023-01-26 08:42:54'),('d1a3b50a63b58e837d72654017336d6c1e3b0fac9ea3b0de068b670d7e00cbd67ceb211d4dae9300',1,1,'authToken','[]',0,'2022-02-02 11:13:48','2022-02-02 11:13:48','2023-02-02 12:13:48'),('d3ab2f93e35b458521ce8eb8b4ed513c685f8e6db58990baac3f6c33dbf93967987b0e9b146a4aa9',1,1,'authToken','[]',0,'2022-01-31 12:56:13','2022-01-31 12:56:13','2023-01-31 13:56:13'),('d452a69dc6a8132af8b228fae48391d6702a9ea0920bad377bb78e6b212418a4b2f5f012a65f40d3',1,1,'authToken','[]',0,'2022-01-26 13:41:41','2022-01-26 13:41:41','2023-01-26 14:41:41'),('d52792f3bd6b987a131ff62c2c4ea5e6e76391b4c5de9b6c4b47257b8ee449472aba5083bd89b3a5',1,1,'authToken','[]',0,'2022-01-26 09:36:27','2022-01-26 09:36:27','2023-01-26 10:36:27'),('d5e142ccc23eda30029717d7bba9a16d434823ed6dc689551789b945bb885122b22d0a152887a069',1,1,'authToken','[]',0,'2022-01-31 12:19:50','2022-01-31 12:19:50','2023-01-31 13:19:50'),('d636575ba91813ca67763610c8f93e69ad2d596248f71047e19c9247863d2eb5485bce6c1e093d95',1,1,'authToken','[]',0,'2022-01-26 08:49:59','2022-01-26 08:49:59','2023-01-26 09:49:59'),('d69bd7e1331a04b5f3440f35ad96584c81a05371089ab39a8f7945cdbb34a739226df746cb7d5bb5',1,1,'authToken','[]',0,'2022-01-31 10:18:29','2022-01-31 10:18:29','2023-01-31 11:18:29'),('d9f53c6aeffb4237578d35795a044147718a1321ccb73526159d5822690e92796e43fdde3397d75c',2,1,'authToken','[]',0,'2022-01-18 21:05:30','2022-01-18 21:05:30','2023-01-18 22:05:30'),('da439f8023dca21e10d408619b1270d8cee98f3912bd793b7fda99488f40ff208233dfac6b0d1357',1,1,'authToken','[]',0,'2022-01-13 04:40:33','2022-01-13 04:40:33','2023-01-13 05:40:33'),('dab3da3a7fc61791f8ef5a1980e465f0897e4da10a7ec7aeeac7e991c5fdc8234387d4e9b08d8778',1,1,'authToken','[]',0,'2022-01-13 08:03:49','2022-01-13 08:03:49','2023-01-13 09:03:49'),('db2139c38592b3af2b3e418fc68337d8aca82d460aef84457360c652cf0eb73f1e130721a346ab4a',1,1,'authToken','[]',0,'2022-01-19 21:22:28','2022-01-19 21:22:28','2023-01-19 22:22:28'),('db33284574a08a25f716eab36bca59851fee78c4a38bda8bc2f04939ea177b516d6baf4869d8dc4f',1,1,'authToken','[]',0,'2022-01-31 11:52:55','2022-01-31 11:52:55','2023-01-31 12:52:55'),('db78b608981e28688be89d2a62536f250f9507a8b458887bba0b1539d5e7461de14f3007e62a5b21',2,1,'authToken','[]',0,'2022-01-18 22:16:28','2022-01-18 22:16:28','2023-01-18 23:16:28'),('dbf0642fb6d6f26821a4b94e77c28ba6f17fe9594e053cc7b5ee4d2b14610a5d9c70fe2589894a47',1,1,'authToken','[]',0,'2022-01-31 08:34:35','2022-01-31 08:34:35','2023-01-31 09:34:35'),('df301e2a49e99adee86c19474909dedbe584e10b8e87fa4782ab46d4e9ac237d0f93093a4934951c',1,1,'authToken','[]',0,'2022-01-31 13:20:24','2022-01-31 13:20:24','2023-01-31 14:20:24'),('e0282d8bf8e9a782f79919771c161b0a6ced6bfa2a04a8f456f465d03569b4981c7c96db09309cec',2,1,'authToken','[]',0,'2022-01-13 12:10:21','2022-01-13 12:10:21','2023-01-13 13:10:21'),('e54cb2a8a606418d0106a72dc33d8ad4615014e5caebef3e15cd6a99ac49402a9c84f2393713e5d6',2,1,'authToken','[]',0,'2022-01-19 11:56:15','2022-01-19 11:56:15','2023-01-19 12:56:15'),('e63be810142e8d4dace8122aefce17bd238e8cf9188628c4072c7f5ce90ee10f5d2c7ac3c89f0112',1,1,'authToken','[]',0,'2022-01-30 13:07:53','2022-01-30 13:07:53','2023-01-30 14:07:53'),('e74d9aee1f7cbfcdf911be6d3070240bed342c300bcf5f6aae43f53e6989492cca08119575c8b6e2',1,1,'authToken','[]',0,'2022-01-26 11:44:14','2022-01-26 11:44:14','2023-01-26 12:44:14'),('e99776c4a2503de7890ba1820671b12a884da7bd769a2f11230004dea69898660e7011ece175ffcb',2,1,'authToken','[]',0,'2022-01-24 14:19:06','2022-01-24 14:19:06','2023-01-24 15:19:06'),('e9f896a07ff1241fe182f59a356632d7c7d7d4214c4368153dd819bd839c9f28858aed8425e52e16',2,1,'authToken','[]',0,'2022-01-18 21:18:20','2022-01-18 21:18:20','2023-01-18 22:18:20'),('eb8ca2450fa7b7b742628e3dd187cf9cecd9034f85fad0ada3a704f42068569a8c0e3e8c27101850',2,1,'authToken','[]',0,'2022-01-18 21:42:52','2022-01-18 21:42:52','2023-01-18 22:42:52'),('ec783f52ca7aa6ddc726127561a807a23ac74df8049cc2253763738fd48ca0de418ba73ab30cfac2',2,1,'authToken','[]',0,'2022-01-18 22:16:07','2022-01-18 22:16:07','2023-01-18 23:16:07'),('ecbf817ac5f72f69c0d4cff11850659b408092c11a37f2abe1f5f57c12bab5223af81e8aae4ffd95',2,1,'authToken','[]',0,'2022-01-24 13:56:11','2022-01-24 13:56:11','2023-01-24 14:56:11'),('ed977f96a69a38b0ae4aacb3439de7d26ec01cc86be4ed8c791687dbdc18e37a8ae4b5c28d15e963',1,1,'authToken','[]',0,'2022-01-26 06:40:31','2022-01-26 06:40:31','2023-01-26 07:40:31'),('ee99991330759527c4667dc7e10214d6fb4af82fe04bd9e25fd1942cb983246547fc8d22cba3e6e3',1,1,'authToken','[]',0,'2022-01-25 13:38:40','2022-01-25 13:38:40','2023-01-25 14:38:40'),('f341d0dd21eceee30d4a634f6e5449d3b5f0216192171a8d2c684d6136e7a40a730897d8406eb793',1,1,'authToken','[]',0,'2022-01-31 08:22:22','2022-01-31 08:22:22','2023-01-31 09:22:22'),('f404e0ecd9aa16e4d438c01404691665e12ea099f981a21a1927f2a69c60d061705de5d131195329',1,1,'authToken','[]',0,'2022-02-02 08:28:55','2022-02-02 08:28:55','2023-02-02 09:28:55'),('f6749f9fc6991c8a8c297063c8d982d9caa5ac22cb5a445e0d22f589feda53a6f4b6c30c08c916bf',1,1,'authToken','[]',0,'2022-01-25 13:28:09','2022-01-25 13:28:09','2023-01-25 14:28:09'),('f8a8219c77567a329d4aa585ec01dbcc7a1b6a3d0630b8d6e63d093642b94b00e74fa46ac674dd00',1,1,'authToken','[]',0,'2022-02-02 08:35:33','2022-02-02 08:35:33','2023-02-02 09:35:33'),('f9be6b67ffa6f06b46d27bc59dd8ad17bea0e00366647de5996b4a9300dd97d6e966ecbd1d745349',1,1,'authToken','[]',0,'2022-01-19 13:25:09','2022-01-19 13:25:09','2023-01-19 14:25:09'),('f9f1d02017cf69e677852191503abcc506ec1f80e2b3f99a57b8a4ce9b2e3ac0c04115eb76c28cd5',2,1,'authToken','[]',0,'2022-01-19 11:55:48','2022-01-19 11:55:48','2023-01-19 12:55:48'),('fa940cda65b23945f6fe0b5631be714efb83234404e0451645e0efc69e6b37b54e2503664264d09d',1,1,'authToken','[]',0,'2022-01-31 12:13:44','2022-01-31 12:13:44','2023-01-31 13:13:44'),('fb3b53970ffed6ab19164d7cff56cd2002c02b797892caae866231d8d8ca593122c660e328c626c6',1,1,'authToken','[]',0,'2022-01-25 09:54:36','2022-01-25 09:54:36','2023-01-25 10:54:36'),('fb832f9145e36a82643cddb97eb3abe0e9867fe8a56ac29bed621dba1bac09b3793c3a395bcad410',1,1,'authToken','[]',0,'2022-02-02 08:19:39','2022-02-02 08:19:39','2023-02-02 09:19:39'),('fbbd44e3c556cc64092f18b80e0a09be2cb41016219031efbe162f8152a21ad8a64d6679c78e5ac4',1,1,'authToken','[]',0,'2022-01-30 13:19:12','2022-01-30 13:19:12','2023-01-30 14:19:12'),('fc7ffe28b507f4e4eabeb1d98dc1788dfecd7f46c5fcf12243d91ec84a5b941ccd141c4f332f806d',1,1,'authToken','[]',0,'2022-01-26 07:20:33','2022-01-26 07:20:33','2023-01-26 08:20:33'),('fcb5120bc42d5d48deb61bcd002d704b7954ec52cafe5fd08a382135a22d2a751458da8aab021a91',1,1,'authToken','[]',0,'2021-11-29 20:52:22','2021-11-29 20:52:22','2022-11-29 21:52:22'),('fd0bd52a31befac412cc0f4cebc581463fe1d892be878aa3866c16f2d73950ce801a2885827c7ebc',1,1,'authToken','[]',0,'2022-01-26 08:40:52','2022-01-26 08:40:52','2023-01-26 09:40:52'),('fe8dba7e89d718a434196b03b112b12d4685d940fad16013c8abe68c962cf87626a3891a2c180171',1,1,'authToken','[]',0,'2022-01-26 10:23:36','2022-01-26 10:23:36','2023-01-26 11:23:36'),('ff3a952555eb5f388227b14f78873fd49dba88eb4dbaaad1f4bc35b8eaa48905aaae926616930f7a',2,1,'authToken','[]',0,'2022-01-18 22:33:47','2022-01-18 22:33:47','2023-01-18 23:33:47');
/*!40000 ALTER TABLE `oauth_access_tokens` ENABLE KEYS */;
UNLOCK TABLES;

--
-- Table structure for table `oauth_auth_codes`
--

DROP TABLE IF EXISTS `oauth_auth_codes`;
/*!40101 SET @saved_cs_client     = @@character_set_client */;
/*!50503 SET character_set_client = utf8mb4 */;
CREATE TABLE `oauth_auth_codes` (
  `id` varchar(100) COLLATE utf8mb4_unicode_ci NOT NULL,
  `user_id` bigint unsigned NOT NULL,
  `client_id` bigint unsigned NOT NULL,
  `scopes` text COLLATE utf8mb4_unicode_ci,
  `revoked` tinyint(1) NOT NULL,
  `expires_at` datetime DEFAULT NULL,
  PRIMARY KEY (`id`),
  KEY `oauth_auth_codes_user_id_index` (`user_id`)
) ENGINE=InnoDB DEFAULT CHARSET=utf8mb4 COLLATE=utf8mb4_unicode_ci;
/*!40101 SET character_set_client = @saved_cs_client */;

--
-- Dumping data for table `oauth_auth_codes`
--

LOCK TABLES `oauth_auth_codes` WRITE;
/*!40000 ALTER TABLE `oauth_auth_codes` DISABLE KEYS */;
/*!40000 ALTER TABLE `oauth_auth_codes` ENABLE KEYS */;
UNLOCK TABLES;

--
-- Table structure for table `oauth_clients`
--

DROP TABLE IF EXISTS `oauth_clients`;
/*!40101 SET @saved_cs_client     = @@character_set_client */;
/*!50503 SET character_set_client = utf8mb4 */;
CREATE TABLE `oauth_clients` (
  `id` bigint unsigned NOT NULL AUTO_INCREMENT,
  `user_id` bigint unsigned DEFAULT NULL,
  `name` varchar(255) COLLATE utf8mb4_unicode_ci NOT NULL,
  `secret` varchar(100) COLLATE utf8mb4_unicode_ci DEFAULT NULL,
  `provider` varchar(255) COLLATE utf8mb4_unicode_ci DEFAULT NULL,
  `redirect` text COLLATE utf8mb4_unicode_ci NOT NULL,
  `personal_access_client` tinyint(1) NOT NULL,
  `password_client` tinyint(1) NOT NULL,
  `revoked` tinyint(1) NOT NULL,
  `created_at` timestamp NULL DEFAULT NULL,
  `updated_at` timestamp NULL DEFAULT NULL,
  PRIMARY KEY (`id`),
  KEY `oauth_clients_user_id_index` (`user_id`)
) ENGINE=InnoDB AUTO_INCREMENT=3 DEFAULT CHARSET=utf8mb4 COLLATE=utf8mb4_unicode_ci;
/*!40101 SET character_set_client = @saved_cs_client */;

--
-- Dumping data for table `oauth_clients`
--

LOCK TABLES `oauth_clients` WRITE;
/*!40000 ALTER TABLE `oauth_clients` DISABLE KEYS */;
INSERT INTO `oauth_clients` VALUES (1,NULL,'Laravel Personal Access Client','JyvT4KfzkkteESyNPE7i5yemwmAIlUwfqCHbVtN3',NULL,'http://localhost',1,0,0,'2021-11-29 07:59:05','2021-11-29 07:59:05'),(2,NULL,'Laravel Password Grant Client','Cz35v3PKEoAw4XOD5slDqms1XsZ2MRFvqyewRrOV','users','http://localhost',0,1,0,'2021-11-29 07:59:05','2021-11-29 07:59:05');
/*!40000 ALTER TABLE `oauth_clients` ENABLE KEYS */;
UNLOCK TABLES;

--
-- Table structure for table `oauth_personal_access_clients`
--

DROP TABLE IF EXISTS `oauth_personal_access_clients`;
/*!40101 SET @saved_cs_client     = @@character_set_client */;
/*!50503 SET character_set_client = utf8mb4 */;
CREATE TABLE `oauth_personal_access_clients` (
  `id` bigint unsigned NOT NULL AUTO_INCREMENT,
  `client_id` bigint unsigned NOT NULL,
  `created_at` timestamp NULL DEFAULT NULL,
  `updated_at` timestamp NULL DEFAULT NULL,
  PRIMARY KEY (`id`)
) ENGINE=InnoDB AUTO_INCREMENT=2 DEFAULT CHARSET=utf8mb4 COLLATE=utf8mb4_unicode_ci;
/*!40101 SET character_set_client = @saved_cs_client */;

--
-- Dumping data for table `oauth_personal_access_clients`
--

LOCK TABLES `oauth_personal_access_clients` WRITE;
/*!40000 ALTER TABLE `oauth_personal_access_clients` DISABLE KEYS */;
INSERT INTO `oauth_personal_access_clients` VALUES (1,1,'2021-11-29 07:59:05','2021-11-29 07:59:05');
/*!40000 ALTER TABLE `oauth_personal_access_clients` ENABLE KEYS */;
UNLOCK TABLES;

--
-- Table structure for table `oauth_refresh_tokens`
--

DROP TABLE IF EXISTS `oauth_refresh_tokens`;
/*!40101 SET @saved_cs_client     = @@character_set_client */;
/*!50503 SET character_set_client = utf8mb4 */;
CREATE TABLE `oauth_refresh_tokens` (
  `id` varchar(100) COLLATE utf8mb4_unicode_ci NOT NULL,
  `access_token_id` varchar(100) COLLATE utf8mb4_unicode_ci NOT NULL,
  `revoked` tinyint(1) NOT NULL,
  `expires_at` datetime DEFAULT NULL,
  PRIMARY KEY (`id`),
  KEY `oauth_refresh_tokens_access_token_id_index` (`access_token_id`)
) ENGINE=InnoDB DEFAULT CHARSET=utf8mb4 COLLATE=utf8mb4_unicode_ci;
/*!40101 SET character_set_client = @saved_cs_client */;

--
-- Dumping data for table `oauth_refresh_tokens`
--

LOCK TABLES `oauth_refresh_tokens` WRITE;
/*!40000 ALTER TABLE `oauth_refresh_tokens` DISABLE KEYS */;
/*!40000 ALTER TABLE `oauth_refresh_tokens` ENABLE KEYS */;
UNLOCK TABLES;

--
-- Table structure for table `password_resets`
--

DROP TABLE IF EXISTS `password_resets`;
/*!40101 SET @saved_cs_client     = @@character_set_client */;
/*!50503 SET character_set_client = utf8mb4 */;
CREATE TABLE `password_resets` (
  `email` varchar(255) COLLATE utf8mb4_unicode_ci NOT NULL,
  `token` varchar(255) COLLATE utf8mb4_unicode_ci NOT NULL,
  `created_at` timestamp NULL DEFAULT NULL,
  KEY `password_resets_email_index` (`email`)
) ENGINE=InnoDB DEFAULT CHARSET=utf8mb4 COLLATE=utf8mb4_unicode_ci;
/*!40101 SET character_set_client = @saved_cs_client */;

--
-- Dumping data for table `password_resets`
--

LOCK TABLES `password_resets` WRITE;
/*!40000 ALTER TABLE `password_resets` DISABLE KEYS */;
/*!40000 ALTER TABLE `password_resets` ENABLE KEYS */;
UNLOCK TABLES;

--
-- Table structure for table `permissionables`
--

DROP TABLE IF EXISTS `permissionables`;
/*!40101 SET @saved_cs_client     = @@character_set_client */;
/*!50503 SET character_set_client = utf8mb4 */;
CREATE TABLE `permissionables` (
  `permission_id` bigint unsigned NOT NULL,
  `permissionable_id` bigint unsigned NOT NULL,
  `permissionable_type` varchar(255) COLLATE utf8mb4_unicode_ci NOT NULL
) ENGINE=InnoDB DEFAULT CHARSET=utf8mb4 COLLATE=utf8mb4_unicode_ci;
/*!40101 SET character_set_client = @saved_cs_client */;

--
-- Dumping data for table `permissionables`
--

LOCK TABLES `permissionables` WRITE;
/*!40000 ALTER TABLE `permissionables` DISABLE KEYS */;
INSERT INTO `permissionables` VALUES (1,1,'App\\Models\\Module'),(2,1,'App\\Models\\Module'),(3,1,'App\\Models\\Module'),(4,1,'App\\Models\\Module'),(5,1,'App\\Models\\Module'),(6,2,'App\\Models\\Module'),(7,2,'App\\Models\\Module'),(8,2,'App\\Models\\Module'),(9,2,'App\\Models\\Module'),(10,2,'App\\Models\\Module'),(11,3,'App\\Models\\Module'),(12,3,'App\\Models\\Module'),(13,3,'App\\Models\\Module'),(14,3,'App\\Models\\Module'),(15,3,'App\\Models\\Module'),(16,4,'App\\Models\\Module'),(17,4,'App\\Models\\Module'),(18,4,'App\\Models\\Module'),(19,4,'App\\Models\\Module'),(20,4,'App\\Models\\Module'),(21,5,'App\\Models\\Module'),(22,5,'App\\Models\\Module'),(23,5,'App\\Models\\Module'),(24,5,'App\\Models\\Module'),(25,5,'App\\Models\\Module'),(26,6,'App\\Models\\Module'),(27,6,'App\\Models\\Module'),(28,6,'App\\Models\\Module'),(29,6,'App\\Models\\Module'),(30,6,'App\\Models\\Module'),(31,7,'App\\Models\\Module'),(32,7,'App\\Models\\Module'),(33,7,'App\\Models\\Module'),(34,7,'App\\Models\\Module'),(35,7,'App\\Models\\Module'),(36,8,'App\\Models\\Module'),(37,8,'App\\Models\\Module'),(38,8,'App\\Models\\Module'),(39,8,'App\\Models\\Module'),(40,8,'App\\Models\\Module'),(41,9,'App\\Models\\Module'),(42,9,'App\\Models\\Module'),(43,9,'App\\Models\\Module'),(44,9,'App\\Models\\Module'),(45,9,'App\\Models\\Module'),(46,10,'App\\Models\\Module'),(47,10,'App\\Models\\Module'),(48,10,'App\\Models\\Module'),(49,10,'App\\Models\\Module'),(50,10,'App\\Models\\Module'),(51,11,'App\\Models\\Module'),(52,11,'App\\Models\\Module'),(53,11,'App\\Models\\Module'),(54,11,'App\\Models\\Module'),(55,11,'App\\Models\\Module'),(56,12,'App\\Models\\Module'),(57,12,'App\\Models\\Module'),(58,12,'App\\Models\\Module'),(59,12,'App\\Models\\Module'),(60,12,'App\\Models\\Module'),(61,13,'App\\Models\\Module'),(62,13,'App\\Models\\Module'),(63,13,'App\\Models\\Module'),(64,13,'App\\Models\\Module'),(65,13,'App\\Models\\Module'),(66,14,'App\\Models\\Module'),(67,14,'App\\Models\\Module'),(68,14,'App\\Models\\Module'),(69,14,'App\\Models\\Module'),(70,14,'App\\Models\\Module'),(71,15,'App\\Models\\Module'),(72,15,'App\\Models\\Module'),(73,15,'App\\Models\\Module'),(74,15,'App\\Models\\Module'),(75,15,'App\\Models\\Module'),(76,16,'App\\Models\\Module'),(77,16,'App\\Models\\Module'),(78,16,'App\\Models\\Module'),(79,16,'App\\Models\\Module'),(80,16,'App\\Models\\Module'),(81,17,'App\\Models\\Module'),(82,17,'App\\Models\\Module'),(83,17,'App\\Models\\Module'),(84,17,'App\\Models\\Module'),(85,17,'App\\Models\\Module'),(86,18,'App\\Models\\Module'),(87,18,'App\\Models\\Module'),(88,18,'App\\Models\\Module'),(89,18,'App\\Models\\Module'),(90,18,'App\\Models\\Module'),(91,19,'App\\Models\\Module'),(92,19,'App\\Models\\Module'),(93,19,'App\\Models\\Module'),(94,19,'App\\Models\\Module'),(95,19,'App\\Models\\Module'),(96,20,'App\\Models\\Module'),(97,20,'App\\Models\\Module'),(98,20,'App\\Models\\Module'),(99,20,'App\\Models\\Module'),(100,20,'App\\Models\\Module'),(101,21,'App\\Models\\Module'),(102,21,'App\\Models\\Module'),(103,21,'App\\Models\\Module'),(104,21,'App\\Models\\Module'),(105,21,'App\\Models\\Module'),(106,22,'App\\Models\\Module'),(107,22,'App\\Models\\Module'),(108,22,'App\\Models\\Module'),(109,22,'App\\Models\\Module'),(110,22,'App\\Models\\Module'),(111,23,'App\\Models\\Module'),(112,23,'App\\Models\\Module'),(113,23,'App\\Models\\Module'),(114,23,'App\\Models\\Module'),(115,23,'App\\Models\\Module'),(116,24,'App\\Models\\Module'),(117,24,'App\\Models\\Module'),(118,24,'App\\Models\\Module'),(119,24,'App\\Models\\Module'),(120,24,'App\\Models\\Module');
/*!40000 ALTER TABLE `permissionables` ENABLE KEYS */;
UNLOCK TABLES;

--
-- Table structure for table `permissions`
--

DROP TABLE IF EXISTS `permissions`;
/*!40101 SET @saved_cs_client     = @@character_set_client */;
/*!50503 SET character_set_client = utf8mb4 */;
CREATE TABLE `permissions` (
  `id` bigint unsigned NOT NULL AUTO_INCREMENT,
  `key` varchar(255) COLLATE utf8mb4_unicode_ci NOT NULL,
  `name` varchar(255) COLLATE utf8mb4_unicode_ci NOT NULL,
  `module` varchar(255) COLLATE utf8mb4_unicode_ci DEFAULT NULL,
  `created_at` timestamp NULL DEFAULT NULL,
  `updated_at` timestamp NULL DEFAULT NULL,
  PRIMARY KEY (`id`),
  UNIQUE KEY `permissions_key_unique` (`key`)
) ENGINE=InnoDB AUTO_INCREMENT=121 DEFAULT CHARSET=utf8mb4 COLLATE=utf8mb4_unicode_ci;
/*!40101 SET character_set_client = @saved_cs_client */;

--
-- Dumping data for table `permissions`
--

LOCK TABLES `permissions` WRITE;
/*!40000 ALTER TABLE `permissions` DISABLE KEYS */;
INSERT INTO `permissions` VALUES (1,'browse-administration','Browse Administration','Administration','2021-11-29 09:19:21','2021-11-29 09:19:21'),(2,'read-administration','Read Administration','Administration','2021-11-29 09:19:21','2021-11-29 09:19:21'),(3,'edit-administration','Edit Administration','Administration','2021-11-29 09:19:21','2021-11-29 09:19:21'),(4,'add-administration','Add Administration','Administration','2021-11-29 09:19:21','2021-11-29 09:19:21'),(5,'delete-administration','Delete Administration','Administration','2021-11-29 09:19:21','2021-11-29 09:19:21'),(6,'browse-roles','Browse Roles','Roles','2021-11-29 09:19:21','2021-11-29 09:19:21'),(7,'read-roles','Read Roles','Roles','2021-11-29 09:19:21','2021-11-29 09:19:21'),(8,'edit-roles','Edit Roles','Roles','2021-11-29 09:19:21','2021-11-29 09:19:21'),(9,'add-roles','Add Roles','Roles','2021-11-29 09:19:21','2021-11-29 09:19:21'),(10,'delete-roles','Delete Roles','Roles','2021-11-29 09:19:21','2021-11-29 09:19:21'),(11,'browse-groups','Browse Groups','Groups','2021-11-29 09:19:21','2021-11-29 09:19:21'),(12,'read-groups','Read Groups','Groups','2021-11-29 09:19:21','2021-11-29 09:19:21'),(13,'edit-groups','Edit Groups','Groups','2021-11-29 09:19:21','2021-11-29 09:19:21'),(14,'add-groups','Add Groups','Groups','2021-11-29 09:19:21','2021-11-29 09:19:21'),(15,'delete-groups','Delete Groups','Groups','2021-11-29 09:19:21','2021-11-29 09:19:21'),(16,'browse-departments','Browse Departments','Departments','2021-11-29 09:19:21','2021-11-29 09:19:21'),(17,'read-departments','Read Departments','Departments','2021-11-29 09:19:21','2021-11-29 09:19:21'),(18,'edit-departments','Edit Departments','Departments','2021-11-29 09:19:21','2021-11-29 09:19:21'),(19,'add-departments','Add Departments','Departments','2021-11-29 09:19:21','2021-11-29 09:19:21'),(20,'delete-departments','Delete Departments','Departments','2021-11-29 09:19:21','2021-11-29 09:19:21'),(21,'browse-staff','Browse Staff','Staff','2021-11-29 09:19:21','2021-11-29 09:19:21'),(22,'read-staff','Read Staff','Staff','2021-11-29 09:19:21','2021-11-29 09:19:21'),(23,'edit-staff','Edit Staff','Staff','2021-11-29 09:19:21','2021-11-29 09:19:21'),(24,'add-staff','Add Staff','Staff','2021-11-29 09:19:21','2021-11-29 09:19:21'),(25,'delete-staff','Delete Staff','Staff','2021-11-29 09:19:21','2021-11-29 09:19:21'),(26,'browse-modules','Browse Modules','Modules','2021-11-29 09:19:21','2021-11-29 09:19:21'),(27,'read-modules','Read Modules','Modules','2021-11-29 09:19:21','2021-11-29 09:19:21'),(28,'edit-modules','Edit Modules','Modules','2021-11-29 09:19:21','2021-11-29 09:19:21'),(29,'add-modules','Add Modules','Modules','2021-11-29 09:19:21','2021-11-29 09:19:21'),(30,'delete-modules','Delete Modules','Modules','2021-11-29 09:19:21','2021-11-29 09:19:21'),(31,'browse-structure','Browse Structure','Structure','2021-11-29 09:25:54','2021-11-29 09:25:54'),(32,'read-structure','Read Structure','Structure','2021-11-29 09:25:54','2021-11-29 09:25:54'),(33,'edit-structure','Edit Structure','Structure','2021-11-29 09:25:54','2021-11-29 09:25:54'),(34,'add-structure','Add Structure','Structure','2021-11-29 09:25:54','2021-11-29 09:25:54'),(35,'delete-structure','Delete Structure','Structure','2021-11-29 09:25:54','2021-11-29 09:25:54'),(36,'browse-grade-levels','Browse Grade Levels','Grade Levels','2021-11-29 09:27:20','2021-11-29 09:27:20'),(37,'read-grade-levels','Read Grade Levels','Grade Levels','2021-11-29 09:27:20','2021-11-29 09:27:20'),(38,'edit-grade-levels','Edit Grade Levels','Grade Levels','2021-11-29 09:27:20','2021-11-29 09:27:20'),(39,'add-grade-levels','Add Grade Levels','Grade Levels','2021-11-29 09:27:20','2021-11-29 09:27:20'),(40,'delete-grade-levels','Delete Grade Levels','Grade Levels','2021-11-29 09:27:20','2021-11-29 09:27:20'),(41,'browse-benefits','Browse Benefits','Benefits','2022-01-13 04:12:26','2022-01-13 04:12:26'),(42,'read-benefits','Read Benefits','Benefits','2022-01-13 04:12:26','2022-01-13 04:12:26'),(43,'edit-benefits','Edit Benefits','Benefits','2022-01-13 04:12:26','2022-01-13 04:12:26'),(44,'add-benefits','Add Benefits','Benefits','2022-01-13 04:12:26','2022-01-13 04:12:26'),(45,'delete-benefits','Delete Benefits','Benefits','2022-01-13 04:12:26','2022-01-13 04:12:26'),(46,'browse-wages','Browse Wages','Wages','2022-01-13 04:24:59','2022-01-13 04:24:59'),(47,'read-wages','Read Wages','Wages','2022-01-13 04:24:59','2022-01-13 04:24:59'),(48,'edit-wages','Edit Wages','Wages','2022-01-13 04:24:59','2022-01-13 04:24:59'),(49,'add-wages','Add Wages','Wages','2022-01-13 04:24:59','2022-01-13 04:24:59'),(50,'delete-wages','Delete Wages','Wages','2022-01-13 04:24:59','2022-01-13 04:24:59'),(51,'browse-budget','Browse Budget','Budget','2022-01-13 04:26:28','2022-01-13 04:26:28'),(52,'read-budget','Read Budget','Budget','2022-01-13 04:26:28','2022-01-13 04:26:28'),(53,'edit-budget','Edit Budget','Budget','2022-01-13 04:26:28','2022-01-13 04:26:28'),(54,'add-budget','Add Budget','Budget','2022-01-13 04:26:28','2022-01-13 04:26:28'),(55,'delete-budget','Delete Budget','Budget','2022-01-13 04:26:28','2022-01-13 04:26:28'),(56,'browse-budget-heads','Browse Budget Heads','Budget Heads','2022-01-13 04:27:29','2022-01-13 04:27:29'),(57,'read-budget-heads','Read Budget Heads','Budget Heads','2022-01-13 04:27:29','2022-01-13 04:27:29'),(58,'edit-budget-heads','Edit Budget Heads','Budget Heads','2022-01-13 04:27:29','2022-01-13 04:27:29'),(59,'add-budget-heads','Add Budget Heads','Budget Heads','2022-01-13 04:27:29','2022-01-13 04:27:29'),(60,'delete-budget-heads','Delete Budget Heads','Budget Heads','2022-01-13 04:27:29','2022-01-13 04:27:29'),(61,'browse-sub-budget-heads','Browse Sub Budget Heads','Sub Budget Heads','2022-01-13 04:28:27','2022-01-13 04:28:27'),(62,'read-sub-budget-heads','Read Sub Budget Heads','Sub Budget Heads','2022-01-13 04:28:27','2022-01-13 04:28:27'),(63,'edit-sub-budget-heads','Edit Sub Budget Heads','Sub Budget Heads','2022-01-13 04:28:27','2022-01-13 04:28:27'),(64,'add-sub-budget-heads','Add Sub Budget Heads','Sub Budget Heads','2022-01-13 04:28:27','2022-01-13 04:28:27'),(65,'delete-sub-budget-heads','Delete Sub Budget Heads','Sub Budget Heads','2022-01-13 04:28:27','2022-01-13 04:28:27'),(66,'browse-fund-heads','Browse Fund Heads','Fund Heads','2022-01-13 04:29:32','2022-01-13 04:29:32'),(67,'read-fund-heads','Read Fund Heads','Fund Heads','2022-01-13 04:29:32','2022-01-13 04:29:32'),(68,'edit-fund-heads','Edit Fund Heads','Fund Heads','2022-01-13 04:29:32','2022-01-13 04:29:32'),(69,'add-fund-heads','Add Fund Heads','Fund Heads','2022-01-13 04:29:32','2022-01-13 04:29:32'),(70,'delete-fund-heads','Delete Fund Heads','Fund Heads','2022-01-13 04:29:32','2022-01-13 04:29:32'),(71,'browse-expenditures','Browse Expenditures','Expenditures','2022-01-13 04:30:43','2022-01-13 04:30:43'),(72,'read-expenditures','Read Expenditures','Expenditures','2022-01-13 04:30:43','2022-01-13 04:30:43'),(73,'edit-expenditures','Edit Expenditures','Expenditures','2022-01-13 04:30:43','2022-01-13 04:30:43'),(74,'add-expenditures','Add Expenditures','Expenditures','2022-01-13 04:30:43','2022-01-13 04:30:43'),(75,'delete-expenditures','Delete Expenditures','Expenditures','2022-01-13 04:30:43','2022-01-13 04:30:43'),(76,'browse-batch-payment','Browse Batch Payment','Batch Payment','2022-01-13 04:31:41','2022-01-13 04:31:41'),(77,'read-batch-payment','Read Batch Payment','Batch Payment','2022-01-13 04:31:41','2022-01-13 04:31:41'),(78,'edit-batch-payment','Edit Batch Payment','Batch Payment','2022-01-13 04:31:41','2022-01-13 04:31:41'),(79,'add-batch-payment','Add Batch Payment','Batch Payment','2022-01-13 04:31:41','2022-01-13 04:31:41'),(80,'delete-batch-payment','Delete Batch Payment','Batch Payment','2022-01-13 04:31:41','2022-01-13 04:31:41'),(81,'browse-payments','Browse Payments','Payments','2022-01-13 04:32:37','2022-01-13 04:32:37'),(82,'read-payments','Read Payments','Payments','2022-01-13 04:32:37','2022-01-13 04:32:37'),(83,'edit-payments','Edit Payments','Payments','2022-01-13 04:32:37','2022-01-13 04:32:37'),(84,'add-payments','Add Payments','Payments','2022-01-13 04:32:37','2022-01-13 04:32:37'),(85,'delete-payments','Delete Payments','Payments','2022-01-13 04:32:37','2022-01-13 04:32:37'),(86,'browse-approvals','Browse Approvals','Approvals','2022-01-13 04:34:10','2022-01-13 04:34:10'),(87,'read-approvals','Read Approvals','Approvals','2022-01-13 04:34:10','2022-01-13 04:34:10'),(88,'edit-approvals','Edit Approvals','Approvals','2022-01-13 04:34:10','2022-01-13 04:34:10'),(89,'add-approvals','Add Approvals','Approvals','2022-01-13 04:34:10','2022-01-13 04:34:10'),(90,'delete-approvals','Delete Approvals','Approvals','2022-01-13 04:34:10','2022-01-13 04:34:10'),(91,'browse-batched','Browse Batched','Batched','2022-01-13 04:35:12','2022-01-13 04:35:12'),(92,'read-batched','Read Batched','Batched','2022-01-13 04:35:12','2022-01-13 04:35:12'),(93,'edit-batched','Edit Batched','Batched','2022-01-13 04:35:12','2022-01-13 04:35:12'),(94,'add-batched','Add Batched','Batched','2022-01-13 04:35:12','2022-01-13 04:35:12'),(95,'delete-batched','Delete Batched','Batched','2022-01-13 04:35:12','2022-01-13 04:35:12'),(96,'browse-refunds','Browse Refunds','Refunds','2022-01-13 04:35:55','2022-01-13 04:35:55'),(97,'read-refunds','Read Refunds','Refunds','2022-01-13 04:35:55','2022-01-13 04:35:55'),(98,'edit-refunds','Edit Refunds','Refunds','2022-01-13 04:35:55','2022-01-13 04:35:55'),(99,'add-refunds','Add Refunds','Refunds','2022-01-13 04:35:55','2022-01-13 04:35:55'),(100,'delete-refunds','Delete Refunds','Refunds','2022-01-13 04:35:55','2022-01-13 04:35:55'),(101,'browse-logistics','Browse Logistics','Logistics','2022-01-13 04:36:57','2022-01-13 04:36:57'),(102,'read-logistics','Read Logistics','Logistics','2022-01-13 04:36:57','2022-01-13 04:36:57'),(103,'edit-logistics','Edit Logistics','Logistics','2022-01-13 04:36:57','2022-01-13 04:36:57'),(104,'add-logistics','Add Logistics','Logistics','2022-01-13 04:36:57','2022-01-13 04:36:57'),(105,'delete-logistics','Delete Logistics','Logistics','2022-01-13 04:36:57','2022-01-13 04:36:57'),(106,'browse-refund-requests','Browse Refund Requests','Refund Requests','2022-01-13 04:38:06','2022-01-13 04:38:06'),(107,'read-refund-requests','Read Refund Requests','Refund Requests','2022-01-13 04:38:06','2022-01-13 04:38:06'),(108,'edit-refund-requests','Edit Refund Requests','Refund Requests','2022-01-13 04:38:06','2022-01-13 04:38:06'),(109,'add-refund-requests','Add Refund Requests','Refund Requests','2022-01-13 04:38:06','2022-01-13 04:38:06'),(110,'delete-refund-requests','Delete Refund Requests','Refund Requests','2022-01-13 04:38:06','2022-01-13 04:38:06'),(111,'browse-staff-services','Browse Staff Services','Staff Services','2022-01-13 04:39:19','2022-01-13 04:39:19'),(112,'read-staff-services','Read Staff Services','Staff Services','2022-01-13 04:39:19','2022-01-13 04:39:19'),(113,'edit-staff-services','Edit Staff Services','Staff Services','2022-01-13 04:39:19','2022-01-13 04:39:19'),(114,'add-staff-services','Add Staff Services','Staff Services','2022-01-13 04:39:19','2022-01-13 04:39:19'),(115,'delete-staff-services','Delete Staff Services','Staff Services','2022-01-13 04:39:19','2022-01-13 04:39:19'),(116,'browse-claims','Browse Claims','Claims','2022-01-13 04:40:21','2022-01-13 04:40:21'),(117,'read-claims','Read Claims','Claims','2022-01-13 04:40:21','2022-01-13 04:40:21'),(118,'edit-claims','Edit Claims','Claims','2022-01-13 04:40:21','2022-01-13 04:40:21'),(119,'add-claims','Add Claims','Claims','2022-01-13 04:40:21','2022-01-13 04:40:21'),(120,'delete-claims','Delete Claims','Claims','2022-01-13 04:40:21','2022-01-13 04:40:21');
/*!40000 ALTER TABLE `permissions` ENABLE KEYS */;
UNLOCK TABLES;

--
-- Table structure for table `price_lists`
--

DROP TABLE IF EXISTS `price_lists`;
/*!40101 SET @saved_cs_client     = @@character_set_client */;
/*!50503 SET character_set_client = utf8mb4 */;
CREATE TABLE `price_lists` (
  `id` bigint unsigned NOT NULL AUTO_INCREMENT,
  `benefit_id` bigint unsigned NOT NULL,
  `amount` decimal(30,2) NOT NULL DEFAULT '0.00',
  `created_at` timestamp NULL DEFAULT NULL,
  `updated_at` timestamp NULL DEFAULT NULL,
  PRIMARY KEY (`id`),
  KEY `price_lists_benefit_id_foreign` (`benefit_id`),
  CONSTRAINT `price_lists_benefit_id_foreign` FOREIGN KEY (`benefit_id`) REFERENCES `benefits` (`id`) ON DELETE CASCADE
) ENGINE=InnoDB AUTO_INCREMENT=16 DEFAULT CHARSET=utf8mb4 COLLATE=utf8mb4_unicode_ci;
/*!40101 SET character_set_client = @saved_cs_client */;

--
-- Dumping data for table `price_lists`
--

LOCK TABLES `price_lists` WRITE;
/*!40000 ALTER TABLE `price_lists` DISABLE KEYS */;
INSERT INTO `price_lists` VALUES (1,1,10000.00,'2022-01-13 08:47:34','2022-01-13 08:47:34'),(3,3,48000.00,'2022-01-13 08:49:05','2022-01-13 08:49:05'),(4,3,50000.00,'2022-01-13 08:49:15','2022-01-13 08:49:15'),(5,3,54500.00,'2022-01-13 08:49:29','2022-01-13 08:49:36'),(6,3,59000.00,'2022-01-13 08:49:55','2022-01-13 08:49:55'),(7,4,43000.00,'2022-01-13 08:51:06','2022-01-13 08:51:06'),(8,4,45000.00,'2022-01-13 08:51:15','2022-01-13 08:51:15'),(9,4,54000.00,'2022-01-13 08:51:23','2022-01-13 08:51:23'),(10,5,41000.00,'2022-01-13 08:52:05','2022-01-13 08:52:05'),(11,5,43000.00,'2022-01-13 08:52:15','2022-01-13 08:52:15'),(12,5,45300.00,'2022-01-13 08:52:25','2022-01-13 08:52:25'),(13,5,47000.00,'2022-01-13 08:52:35','2022-01-13 08:52:35'),(14,6,40000.00,'2022-01-13 08:53:01','2022-01-13 08:53:01'),(15,6,45000.00,'2022-01-13 08:53:14','2022-01-13 08:53:14');
/*!40000 ALTER TABLE `price_lists` ENABLE KEYS */;
UNLOCK TABLES;

--
-- Table structure for table `procedures`
--

DROP TABLE IF EXISTS `procedures`;
/*!40101 SET @saved_cs_client     = @@character_set_client */;
/*!50503 SET character_set_client = utf8mb4 */;
CREATE TABLE `procedures` (
  `id` bigint unsigned NOT NULL AUTO_INCREMENT,
  `work_flow_id` bigint unsigned NOT NULL,
  `role_id` bigint unsigned NOT NULL,
  `order` int NOT NULL DEFAULT '0',
  `created_at` timestamp NULL DEFAULT NULL,
  `updated_at` timestamp NULL DEFAULT NULL,
  PRIMARY KEY (`id`),
  KEY `procedures_work_flow_id_foreign` (`work_flow_id`),
  KEY `procedures_role_id_foreign` (`role_id`),
  CONSTRAINT `procedures_role_id_foreign` FOREIGN KEY (`role_id`) REFERENCES `roles` (`id`) ON DELETE CASCADE,
  CONSTRAINT `procedures_work_flow_id_foreign` FOREIGN KEY (`work_flow_id`) REFERENCES `work_flows` (`id`) ON DELETE CASCADE
) ENGINE=InnoDB DEFAULT CHARSET=utf8mb4 COLLATE=utf8mb4_unicode_ci;
/*!40101 SET character_set_client = @saved_cs_client */;

--
-- Dumping data for table `procedures`
--

LOCK TABLES `procedures` WRITE;
/*!40000 ALTER TABLE `procedures` DISABLE KEYS */;
/*!40000 ALTER TABLE `procedures` ENABLE KEYS */;
UNLOCK TABLES;

--
-- Table structure for table `refunds`
--

DROP TABLE IF EXISTS `refunds`;
/*!40101 SET @saved_cs_client     = @@character_set_client */;
/*!50503 SET character_set_client = utf8mb4 */;
CREATE TABLE `refunds` (
  `id` bigint unsigned NOT NULL AUTO_INCREMENT,
  `expenditure_id` bigint unsigned NOT NULL,
  `department_id` bigint unsigned NOT NULL,
  `user_id` bigint unsigned NOT NULL,
  `sub_budget_head_id` bigint NOT NULL DEFAULT '0',
  `description` longtext COLLATE utf8mb4_unicode_ci,
  `status` enum('pending','approved','denied') COLLATE utf8mb4_unicode_ci NOT NULL DEFAULT 'pending',
  `closed` tinyint(1) NOT NULL DEFAULT '0',
  `created_at` timestamp NULL DEFAULT NULL,
  `updated_at` timestamp NULL DEFAULT NULL,
  PRIMARY KEY (`id`),
  KEY `refunds_expenditure_id_foreign` (`expenditure_id`),
  KEY `refunds_department_id_foreign` (`department_id`),
  KEY `refunds_user_id_foreign` (`user_id`),
  CONSTRAINT `refunds_department_id_foreign` FOREIGN KEY (`department_id`) REFERENCES `departments` (`id`) ON DELETE CASCADE,
  CONSTRAINT `refunds_expenditure_id_foreign` FOREIGN KEY (`expenditure_id`) REFERENCES `expenditures` (`id`) ON DELETE CASCADE,
  CONSTRAINT `refunds_user_id_foreign` FOREIGN KEY (`user_id`) REFERENCES `users` (`id`) ON DELETE CASCADE
) ENGINE=InnoDB DEFAULT CHARSET=utf8mb4 COLLATE=utf8mb4_unicode_ci;
/*!40101 SET character_set_client = @saved_cs_client */;

--
-- Dumping data for table `refunds`
--

LOCK TABLES `refunds` WRITE;
/*!40000 ALTER TABLE `refunds` DISABLE KEYS */;
/*!40000 ALTER TABLE `refunds` ENABLE KEYS */;
UNLOCK TABLES;

--
-- Table structure for table `roles`
--

DROP TABLE IF EXISTS `roles`;
/*!40101 SET @saved_cs_client     = @@character_set_client */;
/*!50503 SET character_set_client = utf8mb4 */;
CREATE TABLE `roles` (
  `id` bigint unsigned NOT NULL AUTO_INCREMENT,
  `name` varchar(255) COLLATE utf8mb4_unicode_ci NOT NULL,
  `label` varchar(255) COLLATE utf8mb4_unicode_ci NOT NULL,
  `max_slots` bigint NOT NULL DEFAULT '0',
  `start_date` date DEFAULT NULL,
  `expiry_date` date DEFAULT NULL,
  `cannot_expire` tinyint(1) NOT NULL DEFAULT '0',
  `isSuper` tinyint(1) NOT NULL DEFAULT '0',
  `deactivated` tinyint(1) NOT NULL DEFAULT '0',
  `created_at` timestamp NULL DEFAULT NULL,
  `updated_at` timestamp NULL DEFAULT NULL,
  PRIMARY KEY (`id`),
  UNIQUE KEY `roles_label_unique` (`label`)
) ENGINE=InnoDB AUTO_INCREMENT=10 DEFAULT CHARSET=utf8mb4 COLLATE=utf8mb4_unicode_ci;
/*!40101 SET character_set_client = @saved_cs_client */;

--
-- Dumping data for table `roles`
--

LOCK TABLES `roles` WRITE;
/*!40000 ALTER TABLE `roles` DISABLE KEYS */;
INSERT INTO `roles` VALUES (1,'Super Administrator','super-administrator',1,NULL,NULL,1,1,0,'2021-11-29 07:57:12','2021-11-29 07:57:12'),(2,'Budget Controller','budget-controller',10,'2022-01-12','2022-03-27',0,1,0,'2022-01-12 13:14:46','2022-01-12 13:14:46'),(3,'Budget Officer','budget-officer',15,'2022-01-12','2022-03-27',0,1,0,'2022-01-12 13:15:40','2022-01-12 13:15:40'),(4,'Treasurer','treasurer',5,'2022-01-12','2022-03-12',0,0,0,'2022-01-12 13:16:36','2022-01-12 13:16:36'),(5,'Staff','staff',1000,'2022-01-13','2022-01-30',1,0,0,'2022-01-13 08:29:08','2022-01-13 08:29:08'),(6,'Audit Officer','audit-officer',20,'2022-01-13','2022-01-30',1,0,0,'2022-01-13 08:29:33','2022-01-13 08:29:33'),(7,'Technical Administrator','technical-administrator',3,'2022-01-27','2022-02-28',1,1,0,'2022-01-27 07:56:43','2022-01-27 07:56:43');
/*!40000 ALTER TABLE `roles` ENABLE KEYS */;
UNLOCK TABLES;

--
-- Table structure for table `settings`
--

DROP TABLE IF EXISTS `settings`;
/*!40101 SET @saved_cs_client     = @@character_set_client */;
/*!50503 SET character_set_client = utf8mb4 */;
CREATE TABLE `settings` (
  `id` bigint unsigned NOT NULL AUTO_INCREMENT,
  `key` varchar(255) COLLATE utf8mb4_unicode_ci NOT NULL,
  `display_name` varchar(255) COLLATE utf8mb4_unicode_ci NOT NULL,
  `value` text COLLATE utf8mb4_unicode_ci,
  `details` text COLLATE utf8mb4_unicode_ci,
  `input_type` varchar(255) COLLATE utf8mb4_unicode_ci NOT NULL DEFAULT 'text',
  `order` int NOT NULL DEFAULT '0',
  `group` enum('site','admin') COLLATE utf8mb4_unicode_ci NOT NULL DEFAULT 'site',
  `created_at` timestamp NULL DEFAULT NULL,
  `updated_at` timestamp NULL DEFAULT NULL,
  PRIMARY KEY (`id`),
  UNIQUE KEY `settings_key_unique` (`key`)
) ENGINE=InnoDB AUTO_INCREMENT=3 DEFAULT CHARSET=utf8mb4 COLLATE=utf8mb4_unicode_ci;
/*!40101 SET character_set_client = @saved_cs_client */;

--
-- Dumping data for table `settings`
--

LOCK TABLES `settings` WRITE;
/*!40000 ALTER TABLE `settings` DISABLE KEYS */;
INSERT INTO `settings` VALUES (1,'budget_year','Budget Year','2021',NULL,'number',0,'admin','2022-01-04 07:08:56','2022-01-06 02:41:48'),(2,'test_key','Test Key',NULL,'Something','text',0,'admin','2022-01-26 07:56:34','2022-01-26 07:56:34');
/*!40000 ALTER TABLE `settings` ENABLE KEYS */;
UNLOCK TABLES;

--
-- Table structure for table `sub_budget_heads`
--

DROP TABLE IF EXISTS `sub_budget_heads`;
/*!40101 SET @saved_cs_client     = @@character_set_client */;
/*!50503 SET character_set_client = utf8mb4 */;
CREATE TABLE `sub_budget_heads` (
  `id` bigint unsigned NOT NULL AUTO_INCREMENT,
  `budget_head_id` bigint unsigned NOT NULL,
  `department_id` bigint unsigned NOT NULL,
  `budgetCode` varchar(255) COLLATE utf8mb4_unicode_ci NOT NULL,
  `name` varchar(255) COLLATE utf8mb4_unicode_ci NOT NULL,
  `label` varchar(255) COLLATE utf8mb4_unicode_ci NOT NULL,
  `description` text COLLATE utf8mb4_unicode_ci,
  `type` enum('capital','recursive','personnel') COLLATE utf8mb4_unicode_ci NOT NULL DEFAULT 'capital',
  `logisticsBudget` tinyint(1) NOT NULL DEFAULT '0',
  `active` tinyint(1) NOT NULL DEFAULT '0',
  `created_at` timestamp NULL DEFAULT NULL,
  `updated_at` timestamp NULL DEFAULT NULL,
  PRIMARY KEY (`id`),
  UNIQUE KEY `sub_budget_heads_budgetcode_unique` (`budgetCode`),
  KEY `sub_budget_heads_budget_head_id_foreign` (`budget_head_id`),
  KEY `sub_budget_heads_department_id_foreign` (`department_id`),
  CONSTRAINT `sub_budget_heads_budget_head_id_foreign` FOREIGN KEY (`budget_head_id`) REFERENCES `budget_heads` (`id`) ON DELETE CASCADE,
  CONSTRAINT `sub_budget_heads_department_id_foreign` FOREIGN KEY (`department_id`) REFERENCES `departments` (`id`) ON DELETE CASCADE
) ENGINE=InnoDB AUTO_INCREMENT=275 DEFAULT CHARSET=utf8mb4 COLLATE=utf8mb4_unicode_ci;
/*!40101 SET character_set_client = @saved_cs_client */;

--
-- Dumping data for table `sub_budget_heads`
--

LOCK TABLES `sub_budget_heads` WRITE;
/*!40000 ALTER TABLE `sub_budget_heads` DISABLE KEYS */;
INSERT INTO `sub_budget_heads` VALUES (1,1,154,'C1500004F','CONSTRUCTION OF PERIMETER FENCE','construction-of-perimeter-fence','EMPTY VALUE','capital',0,1,'2021-11-29 08:50:34','2021-11-29 08:50:34'),(2,1,154,'C1500004G','CONSTRUCTION OF WATER FRONT RETENTION WALL','construction-of-water-front-retention-wall','EMPTY VALUE','capital',0,1,'2021-11-29 08:50:34','2021-11-29 08:50:34'),(3,1,154,'C1500004I','ROAD STABILIZATION ON DEDICATED ACCESS ROAD','road-stabilization-on-dedicated-access-road','EMPTY VALUE','capital',0,1,'2021-11-29 08:50:34','2021-11-29 08:50:34'),(4,2,138,'R2000005A','FUNDING OF 2000 RESEARCH STUDIES, SURVEYS AND INFO','funding-of-2000-research-studies-surveys-and-info','EMPTY VALUE','capital',0,1,'2021-11-29 08:50:34','2021-11-29 08:50:34'),(5,2,138,'R2000005B','R&D FAIR/ROUND TABLE','rd-fairround-table','EMPTY VALUE','capital',0,1,'2021-11-29 08:50:34','2021-11-29 08:50:34'),(6,2,138,'R2000005C','VISIT BRAZIL, CHINA , NORWAY & QATAR FOR BENCHMARK','visit-brazil-china-norway-qatar-for-benchmark','EMPTY VALUE','capital',0,1,'2021-11-29 08:50:34','2021-11-29 08:50:34'),(7,2,138,'R2000005D','LINKING THE INDUSTRY WITH STEM (SCIENCE, TECHNOLOG','linking-the-industry-with-stem-science-technolog','EMPTY VALUE','capital',0,1,'2021-11-29 08:50:34','2021-11-29 08:50:34'),(8,2,138,'R2000005E','PRS STUDIES','prs-studies','EMPTY VALUE','capital',0,1,'2021-11-29 08:50:34','2021-11-29 08:50:34'),(9,2,138,'R2000005G','PROCUREMENT OF HARDWARE AND SOFTWARE TOOLS TO AID','procurement-of-hardware-and-software-tools-to-aid','EMPTY VALUE','capital',0,1,'2021-11-29 08:50:34','2021-11-29 08:50:34'),(10,2,138,'R2000005H','CARRY OUT PUBLIC ENLIGHTENMENT PROGRAMME ON 1010ED','carry-out-public-enlightenment-programme-on-1010ed','EMPTY VALUE','capital',0,1,'2021-11-29 08:50:34','2021-11-29 08:50:34'),(11,2,138,'R2000005I','NCRDC AND TAB ON NCRDF ENGAGEMENTS AND QUARTERLY H','ncrdc-and-tab-on-ncrdf-engagements-and-quarterly-h','EMPTY VALUE','capital',0,1,'2021-11-29 08:50:34','2021-11-29 08:50:34'),(12,2,138,'R2000005J','COLLABORATION WITH INDUSTRY STAKEHOLDERS ON  AND P','collaboration-with-industry-stakeholders-on-and-p','EMPTY VALUE','capital',0,1,'2021-11-29 08:50:34','2021-11-29 08:50:34'),(13,2,138,'R2000005K','SUPPORT FOR COMMERCIALIZATION OF RESEARCH EFFORTS','support-for-commercialization-of-research-efforts','EMPTY VALUE','capital',0,1,'2021-11-29 08:50:34','2021-11-29 08:50:34'),(14,2,138,'R2000005M','SUBSCRIPTION FOR VARIOUS ONLINE INDUSTRY DATABASES','subscription-for-various-online-industry-databases','EMPTY VALUE','capital',0,1,'2021-11-29 08:50:34','2021-11-29 08:50:34'),(15,2,138,'R2000005N','CONDUCTING STATISTICAL BASELINE SURVIES FOR DIFFER','conducting-statistical-baseline-survies-for-differ','EMPTY VALUE','capital',0,1,'2021-11-29 08:50:34','2021-11-29 08:50:34'),(16,2,138,'R2000005O','ENGAGEMENT OF A CONSULTANT FOR THE HOSTING OF SPEC','engagement-of-a-consultant-for-the-hosting-of-spec','EMPTY VALUE','capital',0,1,'2021-11-29 08:50:34','2021-11-29 08:50:34'),(17,2,138,'R2000005P','PROCUREMENT OF HARDWARE, HANDHELD DIGITAL DEVICES,','procurement-of-hardware-handheld-digital-devices','EMPTY VALUE','capital',0,1,'2021-11-29 08:50:34','2021-11-29 08:50:34'),(18,2,138,'R2000005Q','CONSULTANCY SUPPORT SERVICES','consultancy-support-services','EMPTY VALUE','capital',0,1,'2021-11-29 08:50:34','2021-11-29 08:50:34'),(19,2,138,'R2000005R','OVER HEAD ON SPECIALISED CENTRES','over-head-on-specialised-centres','EMPTY VALUE','capital',0,1,'2021-11-29 08:50:34','2021-11-29 08:50:34'),(20,3,125,'R1000006B','CONSULTANCY AND ANICILLARY EXPENSE','consultancy-and-anicillary-expense','EMPTY VALUE','capital',0,1,'2021-11-29 08:50:34','2021-11-29 08:50:34'),(21,3,125,'C1000006A','COMPLETION OF THE PTDF CENTER FOR SKILL ACQUISITIO','completion-of-the-ptdf-center-for-skill-acquisitio','EMPTY VALUE','capital',0,1,'2021-11-29 08:50:34','2021-11-29 08:50:34'),(22,3,125,'R1000006F','TRAINING OF 300 YOUTHS IN GSM PHONE REPAIRS IN BEK','training-of-300-youths-in-gsm-phone-repairs-in-bek','EMPTY VALUE','capital',0,1,'2021-11-29 08:50:34','2021-11-29 08:50:34'),(23,3,125,'R1000006W','UPGRADE OF VOCATIONAL SCHOOL - GOVERNMENT CRAFT DE','upgrade-of-vocational-school-government-craft-de','EMPTY VALUE','capital',0,1,'2021-11-29 08:50:34','2021-11-29 08:50:34'),(24,3,125,'C1000006X','UPGRADE OF VOCATIONAL CENTRE AT UNIVERSITY OF IBAD','upgrade-of-vocational-centre-at-university-of-ibad','EMPTY VALUE','capital',0,1,'2021-11-29 08:50:34','2021-11-29 08:50:34'),(25,3,125,'R1000006Y','UPGRADE OF VOCATIONAL SCHOOL - GOVERNMENT TECHNICA','upgrade-of-vocational-school-government-technica','EMPTY VALUE','capital',0,1,'2021-11-29 08:50:34','2021-11-29 08:50:34'),(26,3,125,'C1000006Z','VIDEO CONFERENCING AND RECORDING EQUIPMENT AT EMER','video-conferencing-and-recording-equipment-at-emer','EMPTY VALUE','capital',0,1,'2021-11-29 08:50:34','2021-11-29 08:50:34'),(27,3,125,'C1000006G','LIBRARY FOR EMARALD ENERGY INSTITUTE STOCKED WITH','library-for-emarald-energy-institute-stocked-with','EMPTY VALUE','capital',0,1,'2021-11-29 08:50:34','2021-11-29 08:50:34'),(28,3,158,'R1300006B','CAPACITY BUILDING WORKSHOP FOR 1000 HOST COMMUNITI','capacity-building-workshop-for-1000-host-communiti','EMPTY VALUE','capital',0,1,'2021-11-29 08:50:34','2021-11-29 08:50:34'),(29,3,158,'R1300006C','NASS WORKSHOP','nass-workshop','EMPTY VALUE','capital',0,1,'2021-11-29 08:50:34','2021-11-29 08:50:34'),(30,3,158,'R1300006D','DEVELOPMENT OF BARITES PRODUCTION CAPACITY IN NIGE','development-of-barites-production-capacity-in-nige','EMPTY VALUE','capital',0,1,'2021-11-29 08:50:34','2021-11-29 08:50:34'),(31,3,158,'R1300006E','2021 NC-HCD STAKEHOLDER\'S WORKSHOP','2021-nc-hcd-stakeholders-workshop','EMPTY VALUE','capital',0,1,'2021-11-29 08:50:34','2021-11-29 08:50:34'),(32,3,158,'R1300006H','BUSINESS MENTORSHIP PROGRAMME FOR CONTRACTORS IN T','business-mentorship-programme-for-contractors-in-t','EMPTY VALUE','capital',0,1,'2021-11-29 08:50:34','2021-11-29 08:50:34'),(33,3,158,'R1300006J','COMPLETION AND EQUIPPING OF BEKWARRA VOCATIONAL CE','completion-and-equipping-of-bekwarra-vocational-ce','EMPTY VALUE','capital',0,1,'2021-11-29 08:50:34','2021-11-29 08:50:34'),(34,3,158,'R1300006K','NIGERIAN CONTENT ANNUAL UNIVERSITIES TECHNOLOGY/EN','nigerian-content-annual-universities-technologyen','EMPTY VALUE','capital',0,1,'2021-11-29 08:50:34','2021-11-29 08:50:34'),(35,3,158,'R1300006L','ESTABLISHMENT OF MODULAR LABORATORIES IN SECONDARY','establishment-of-modular-laboratories-in-secondary','EMPTY VALUE','capital',0,1,'2021-11-29 08:50:34','2021-11-29 08:50:34'),(36,3,158,'R1300006N','ITF VOCATIONAL TRAINING','itf-vocational-training','EMPTY VALUE','capital',0,1,'2021-11-29 08:50:34','2021-11-29 08:50:34'),(37,3,158,'R1300006O','SUBSEA AND FPSO AWARENESS TRAINING FOR 50 PERSONS','subsea-and-fpso-awareness-training-for-50-persons','EMPTY VALUE','capital',0,1,'2021-11-29 08:50:34','2021-11-29 08:50:34'),(38,3,158,'R1300006P','TRAINING OF JUNIOR SECONDARY SCHOOL TEACHERS ACROS','training-of-junior-secondary-school-teachers-acros','EMPTY VALUE','capital',0,1,'2021-11-29 08:50:34','2021-11-29 08:50:34'),(39,3,158,'R1300006Q','UPGRADE OF VOCATIONAL SCHOOL - GOVERNMENT TECHNICA','upgrade-of-vocational-school-government-technica','EMPTY VALUE','capital',0,1,'2021-11-29 08:50:34','2021-11-29 08:50:34'),(40,3,158,'R1300006R','UPGRADE OF VOCATIONAL SCHOOL - GOVERNMENT SCIENCE','upgrade-of-vocational-school-government-science','EMPTY VALUE','capital',0,1,'2021-11-29 08:50:34','2021-11-29 08:50:34'),(41,3,158,'R1300006S','SCIENCE, TECHNOLOGY, ENGINEERING AND MATHS  AND IM','science-technology-engineering-and-maths-and-im','EMPTY VALUE','capital',0,1,'2021-11-29 08:50:34','2021-11-29 08:50:34'),(42,3,125,'R1000006T','TECHNICAL CAPACITY BUILDING INITIATIVES FOR 100 NI','technical-capacity-building-initiatives-for-100-ni','EMPTY VALUE','capital',0,1,'2021-11-29 08:50:34','2021-11-29 08:50:34'),(43,3,158,'R1300006U','UPGRADE OF VOCATIONAL SCHOOL - VOCATIONAL & TECHNI','upgrade-of-vocational-school-vocational-techni','EMPTY VALUE','capital',0,1,'2021-11-29 08:50:34','2021-11-29 08:50:34'),(44,3,158,'R1300006V','SEA-TIME TRAINING FOR 40 CADETS (PHASE 2)','sea-time-training-for-40-cadets-phase-2','EMPTY VALUE','capital',0,1,'2021-11-29 08:50:34','2021-11-29 08:50:34'),(45,3,158,'R1300006X','MARINE SURVEYORS TRAINING TO SUPPORT MARITIME ACTI','marine-surveyors-training-to-support-maritime-acti','EMPTY VALUE','capital',0,1,'2021-11-29 08:50:34','2021-11-29 08:50:34'),(46,3,158,'R1300006Y','NON- DESTRUCTIVE TESTING TRAINING FOR 50 PERSONS','non-destructive-testing-training-for-50-persons','EMPTY VALUE','capital',0,1,'2021-11-29 08:50:34','2021-11-29 08:50:34'),(47,3,158,'R1300006Z','TRAINING FOR 100 PLANTAIN AND BANANA FARMERS','training-for-100-plantain-and-banana-farmers','EMPTY VALUE','capital',0,1,'2021-11-29 08:50:34','2021-11-29 08:50:34'),(48,3,144,'C4000006A','FACULTY FACILITY COMPLETION PROJECT','faculty-facility-completion-project','EMPTY VALUE','capital',0,1,'2021-11-29 08:50:34','2021-11-29 08:50:34'),(49,4,128,'C1200007A','ICT FOR OPEN UNIVERSITY BOGORO CAMPUS, BAUCHI/GOVT','ict-for-open-university-bogoro-campus-bauchigovt','EMPTY VALUE','capital',0,1,'2021-11-29 08:50:34','2021-11-29 08:50:34'),(50,4,128,'C1200007AA','ICT CENTRE FOR COMMUNITY GRAMMAR SCHOOL SASHA, AKI','ict-centre-for-community-grammar-school-sasha-aki','EMPTY VALUE','capital',0,1,'2021-11-29 08:50:34','2021-11-29 08:50:34'),(51,4,128,'C1200007AB','VOCATIONAL INSTITUTIONS DEVELOPMENT AND UPGRADE','vocational-institutions-development-and-upgrade','EMPTY VALUE','capital',0,1,'2021-11-29 08:50:34','2021-11-29 08:50:34'),(52,4,128,'C1200007AC','ICT CENTRE FOR IDI ARABA COMMUNITY HIGH SCHOOL OGO','ict-centre-for-idi-araba-community-high-school-ogo','EMPTY VALUE','capital',0,1,'2021-11-29 08:50:34','2021-11-29 08:50:34'),(53,4,128,'C1200007AD','ICT CENTRE FOR ANSARUDEEN HIGH SCHOOL OPAPA OYO WE','ict-centre-for-ansarudeen-high-school-opapa-oyo-we','EMPTY VALUE','capital',0,1,'2021-11-29 08:50:34','2021-11-29 08:50:34'),(54,4,128,'C1200007AE','ICT CENTRE FOR COMMUNITY HIGH SCHOOL ISEBO, EGBEDA','ict-centre-for-community-high-school-isebo-egbeda','EMPTY VALUE','capital',0,1,'2021-11-29 08:50:34','2021-11-29 08:50:34'),(55,4,128,'C1200007AF','ICT CENTRE FOR NIGER NORTH SENATORIAL DISTRICT, NI','ict-centre-for-niger-north-senatorial-district-ni','EMPTY VALUE','capital',0,1,'2021-11-29 08:50:34','2021-11-29 08:50:34'),(56,4,128,'C1200007AG','TWO ICT CENTRES FOR YOBE NORTH SENATORIAL DISTRICT','two-ict-centres-for-yobe-north-senatorial-district','EMPTY VALUE','capital',0,1,'2021-11-29 08:50:34','2021-11-29 08:50:34'),(57,4,128,'C1200007AH','ICT CENTRE FOR FEDERAL COLLEGE OF EDUCATION OBUDU','ict-centre-for-federal-college-of-education-obudu','EMPTY VALUE','capital',0,1,'2021-11-29 08:50:34','2021-11-29 08:50:34'),(58,4,128,'C1200007AI','ICT CENTRE FOR BEKWARRA SECONDARY SCHOOL ABUOCHICH','ict-centre-for-bekwarra-secondary-school-abuochich','EMPTY VALUE','capital',0,1,'2021-11-29 08:50:34','2021-11-29 08:50:34'),(59,4,128,'C1200007AJ','ICT CENTRE FOR FEDERAL SCIENCE AND TECHNOLOGY COLL','ict-centre-for-federal-science-and-technology-coll','EMPTY VALUE','capital',0,1,'2021-11-29 08:50:34','2021-11-29 08:50:34'),(60,4,128,'C1200007AK','ICT CENTRE FOR COMMUNITY SECONDARY SCHOOL UGORO BE','ict-centre-for-community-secondary-school-ugoro-be','EMPTY VALUE','capital',0,1,'2021-11-29 08:50:34','2021-11-29 08:50:34'),(61,4,128,'C1200007AL','ICT CENTRE FOR BAMIDELE OLUMILUA UNIVERSITY OF EDU','ict-centre-for-bamidele-olumilua-university-of-edu','EMPTY VALUE','capital',0,1,'2021-11-29 08:50:34','2021-11-29 08:50:34'),(62,4,128,'C1200007AM','ICT CENTRE FOR COMMUNITY SCHOOL UMUOCHE BENDE, ABI','ict-centre-for-community-school-umuoche-bende-abi','EMPTY VALUE','capital',0,1,'2021-11-29 08:50:34','2021-11-29 08:50:34'),(63,4,128,'C1200007AN','ICT CENTRE FOR GSS MAIGANA, KADUNA STATE','ict-centre-for-gss-maigana-kaduna-state','EMPTY VALUE','capital',0,1,'2021-11-29 08:50:34','2021-11-29 08:50:34'),(64,4,128,'C1200007B','ICT CENTRE IN NIGER NORTH SENATORIAL DISTRICT','ict-centre-in-niger-north-senatorial-district','EMPTY VALUE','capital',0,1,'2021-11-29 08:50:34','2021-11-29 08:50:34'),(65,4,128,'C1200007C','ICT CENTRE FOR SCHOOLS FOR OPERATION AND MAINTENAN','ict-centre-for-schools-for-operation-and-maintenan','EMPTY VALUE','capital',0,1,'2021-11-29 08:50:34','2021-11-29 08:50:34'),(66,4,128,'C1200007D','ICT CENTRES DEVELOPMENT','ict-centres-development','EMPTY VALUE','capital',0,1,'2021-11-29 08:50:34','2021-11-29 08:50:34'),(67,4,128,'C1200007E','ICT CENTRES FOR ST BERNADINES GIRLS GRAMMAR SCHOOL','ict-centres-for-st-bernadines-girls-grammar-school','EMPTY VALUE','capital',0,1,'2021-11-29 08:50:34','2021-11-29 08:50:34'),(68,4,128,'C1200007F','ICT CENTRE FOR COMMUNITY SEC. SCHOOL IKURU TOWN, A','ict-centre-for-community-sec-school-ikuru-town-a','EMPTY VALUE','capital',0,1,'2021-11-29 08:50:34','2021-11-29 08:50:34'),(69,4,128,'C1200007G','ICT CENTRE FOR GOVT. SEC. SCHOOL JEBBU BASSA, PLAT','ict-centre-for-govt-sec-school-jebbu-bassa-plat','EMPTY VALUE','capital',0,1,'2021-11-29 08:50:34','2021-11-29 08:50:34'),(70,4,128,'C1200007H','ICT CENTRE FOR IKOTUN HIGH SCHOOL, IKOTUN IGANDO,','ict-centre-for-ikotun-high-school-ikotun-igando','EMPTY VALUE','capital',0,1,'2021-11-29 08:50:34','2021-11-29 08:50:34'),(71,4,128,'C1200007I','ICT CENTRE FOR ALAAFIN HIGH SCHOOL ATIBA','ict-centre-for-alaafin-high-school-atiba','EMPTY VALUE','capital',0,1,'2021-11-29 08:50:34','2021-11-29 08:50:34'),(72,4,128,'C1200007J','ICT CENTRE FOR GOVT. COLLEGE IYANA IPAJA, AGEGE, L','ict-centre-for-govt-college-iyana-ipaja-agege-l','EMPTY VALUE','capital',0,1,'2021-11-29 08:50:34','2021-11-29 08:50:34'),(73,4,128,'C1200007K','ICT CENTRE FOR NTA YENAGOA','ict-centre-for-nta-yenagoa','EMPTY VALUE','capital',0,1,'2021-11-29 08:50:34','2021-11-29 08:50:34'),(74,4,128,'C1200007L','ICT CENTRE FOR OKPOAMA','ict-centre-for-okpoama','EMPTY VALUE','capital',0,1,'2021-11-29 08:50:34','2021-11-29 08:50:34'),(75,4,128,'C1200007M','ICT CENTRE FOR PORT HARCOURT POLYTECHNIC RUMUOLA,','ict-centre-for-port-harcourt-polytechnic-rumuola','EMPTY VALUE','capital',0,1,'2021-11-29 08:50:34','2021-11-29 08:50:34'),(76,4,128,'C1200007N','ICT CENTRE FOR BIOKU ALADUN COMMUNITY GRAMMER SCHO','ict-centre-for-bioku-aladun-community-grammer-scho','EMPTY VALUE','capital',0,1,'2021-11-29 08:50:34','2021-11-29 08:50:34'),(77,4,128,'C1200007O','ICT CENTRE FOR GOVT HIGH SCHOOL ILORIN, KWARA STAT','ict-centre-for-govt-high-school-ilorin-kwara-stat','EMPTY VALUE','capital',0,1,'2021-11-29 08:50:34','2021-11-29 08:50:34'),(78,4,128,'C1200007P','ICT CENTRE FOR GOVT GIRLS SEC SCHOOL MIT-AMU, ILOR','ict-centre-for-govt-girls-sec-school-mit-amu-ilor','EMPTY VALUE','capital',0,1,'2021-11-29 08:50:34','2021-11-29 08:50:34'),(79,4,128,'C1200007Q','ICT CENTRE FOR TL OYESINA GRAMMER SCHOOL MONATAN,L','ict-centre-for-tl-oyesina-grammer-school-monatanl','EMPTY VALUE','capital',0,1,'2021-11-29 08:50:34','2021-11-29 08:50:34'),(80,4,128,'C1200007R','ICT CENTRE FOR LADIGBOLU GRAMMER SCHOOL OYO, OYO W','ict-centre-for-ladigbolu-grammer-school-oyo-oyo-w','EMPTY VALUE','capital',0,1,'2021-11-29 08:50:34','2021-11-29 08:50:34'),(81,4,128,'C1200007S','ICT CENTRE FOR COMMUNITY HIGH SCHOOL GBEDE, SURULE','ict-centre-for-community-high-school-gbede-surule','EMPTY VALUE','capital',0,1,'2021-11-29 08:50:34','2021-11-29 08:50:34'),(82,4,128,'C1200007T','ICT CENTRE FOR ILORA BAPTIST GRAMMER SCHOOL, ILORA','ict-centre-for-ilora-baptist-grammer-school-ilora','EMPTY VALUE','capital',0,1,'2021-11-29 08:50:34','2021-11-29 08:50:34'),(83,4,128,'C1200007U','ICT CENTRE FOR METHODIST HIGH SCHOOL, TOLL GTE, IB','ict-centre-for-methodist-high-school-toll-gte-ib','EMPTY VALUE','capital',0,1,'2021-11-29 08:50:34','2021-11-29 08:50:34'),(84,4,128,'C1200007V','ICT CENTRE FOR BENDI TECHNICAL SCHOOL BANDI OBANIL','ict-centre-for-bendi-technical-school-bandi-obanil','EMPTY VALUE','capital',0,1,'2021-11-29 08:50:34','2021-11-29 08:50:34'),(85,4,128,'C1200007W','ICT CENTRE FOR CLEMENT EBRI TECHNICAL SCHOOL UTUGW','ict-centre-for-clement-ebri-technical-school-utugw','EMPTY VALUE','capital',0,1,'2021-11-29 08:50:34','2021-11-29 08:50:34'),(86,4,128,'C1200007X','ICT CENTRE FOR ANSARUDEEN HIGH SCHOOL, FALOLU, SUR','ict-centre-for-ansarudeen-high-school-falolu-sur','EMPTY VALUE','capital',0,1,'2021-11-29 08:50:34','2021-11-29 08:50:34'),(87,4,128,'C1200007Y','ICT CENTRE FOR GOVERNMENT TECHNICAL COLLEGE SOBA,','ict-centre-for-government-technical-college-soba','EMPTY VALUE','capital',0,1,'2021-11-29 08:50:34','2021-11-29 08:50:34'),(88,4,128,'C1200007Z','ICT CENTRE IN UNIVERSITY OF IBADAN, IBADAN','ict-centre-in-university-of-ibadan-ibadan','EMPTY VALUE','capital',0,1,'2021-11-29 08:50:34','2021-11-29 08:50:34'),(89,4,128,'R1200007E','TRAINING OF 300  BAYELSA YOUTHS IN GSM PHONE REPAI','training-of-300-bayelsa-youths-in-gsm-phone-repai','EMPTY VALUE','capital',0,1,'2021-11-29 08:50:34','2021-11-29 08:50:34'),(90,5,154,'C1500009A','DEVT. OF 150 ROOM CONFERENCE ACCOM. (SOFT COST)','devt-of-150-room-conference-accom-soft-cost','EMPTY VALUE','capital',0,1,'2021-11-29 08:50:34','2021-11-29 08:50:34'),(91,5,154,'C1500009B','DEVT. OF 150 ROOM CONFERENCE ACCOM. (HARD COST)','devt-of-150-room-conference-accom-hard-cost','EMPTY VALUE','capital',0,1,'2021-11-29 08:50:34','2021-11-29 08:50:34'),(92,5,154,'C1500009C','CONSULTANCY FEES ON CONSTRUCTION SUPERVISION','consultancy-fees-on-construction-supervision','EMPTY VALUE','capital',0,1,'2021-11-29 08:50:34','2021-11-29 08:50:34'),(93,5,154,'C1500009D','CONSTRUCTION OF INTERNAL ROAD/CULVERT/DRAIN','construction-of-internal-roadculvertdrain','EMPTY VALUE','capital',0,1,'2021-11-29 08:50:34','2021-11-29 08:50:34'),(94,5,154,'C1500009E','SAND/ LATERITE FILLING (AKS, BYS, IMS, EDS)','sand-laterite-filling-aks-bys-ims-eds','EMPTY VALUE','capital',0,1,'2021-11-29 08:50:34','2021-11-29 08:50:34'),(95,5,154,'C1500009F','EXTERNAL WORKS - INFRASTRUCTURE AND ROAD NETWORK','external-works-infrastructure-and-road-network','EMPTY VALUE','capital',0,1,'2021-11-29 08:50:34','2021-11-29 08:50:34'),(96,5,154,'C1500009I','ACQUISITION OF NOGAPS SITE FOR DELTA STATE','acquisition-of-nogaps-site-for-delta-state','EMPTY VALUE','capital',0,1,'2021-11-29 08:50:34','2021-11-29 08:50:34'),(97,5,154,'C1500009J','CONSULTANCY SERVICES FOR NOGAPS LAND EVALUATION','consultancy-services-for-nogaps-land-evaluation','EMPTY VALUE','capital',0,1,'2021-11-29 08:50:34','2021-11-29 08:50:34'),(98,5,154,'C1500009K','ACQUISITION, CLEARING OF LAND FOR NOGAPS SITE','acquisition-clearing-of-land-for-nogaps-site','EMPTY VALUE','capital',0,1,'2021-11-29 08:50:34','2021-11-29 08:50:34'),(99,5,154,'C1500009L','NOGAPS (CONSTRUCTION OF SECURITY POST & PARKING LO','nogaps-construction-of-security-post-parking-lo','EMPTY VALUE','capital',0,1,'2021-11-29 08:50:34','2021-11-29 08:50:34'),(100,5,154,'C1500009M','EXTERNAL WORKS - INFRASTRUCTURE AND ROAD NETWORK 2','external-works-infrastructure-and-road-network-2','EMPTY VALUE','capital',0,1,'2021-11-29 08:50:34','2021-11-29 08:50:34'),(101,5,154,'C1500009N','CIVIL AND STRUCTURAL DESIGN WORKS','civil-and-structural-design-works','EMPTY VALUE','capital',0,1,'2021-11-29 08:50:34','2021-11-29 08:50:34'),(102,6,146,'4002010A','RENT OF RENOVATION OF HQ BUILDING AND LIAISON OFFI','rent-of-renovation-of-hq-building-and-liaison-offi','EMPTY VALUE','capital',0,1,'2021-11-29 08:50:34','2021-11-29 08:50:34'),(103,6,146,'4002010B','RENT PAYMENT FOR VARIOUS OFFICES AND NYSC RESIDENC','rent-payment-for-various-offices-and-nysc-residenc','EMPTY VALUE','capital',0,1,'2021-11-29 08:50:34','2021-11-29 08:50:34'),(104,7,154,'C1500011A','S&T CAPACITY BUILDING WORKSHOP','st-capacity-building-workshop','EMPTY VALUE','capital',0,1,'2021-11-29 08:50:34','2021-11-29 08:50:34'),(105,7,144,'R4000011A','MPR AGENCIES AND STAKEHOLDERS ENGAGEMENT FOR LEGIS','mpr-agencies-and-stakeholders-engagement-for-legis','EMPTY VALUE','capital',0,1,'2021-11-29 08:50:34','2021-11-29 08:50:34'),(106,7,149,'R4001011D','CAPACITY BUILDING FOR CRITICAL STAKEHOLDERS','capacity-building-for-critical-stakeholders','EMPTY VALUE','capital',0,1,'2021-11-29 08:50:34','2021-11-29 08:50:34'),(107,7,125,'R1000011H','EXPERT MEETINGS AND CONFERENCES ON OIL AND GAS LOC','expert-meetings-and-conferences-on-oil-and-gas-loc','EMPTY VALUE','capital',0,1,'2021-11-29 08:50:34','2021-11-29 08:50:34'),(108,7,125,'R1000011M','TRAINING OF JUNIOR SECONDARY SCHOOL TEACHERS IN SE','training-of-junior-secondary-school-teachers-in-se','EMPTY VALUE','capital',0,1,'2021-11-29 08:50:34','2021-11-29 08:50:34'),(109,7,125,'R1000011N','TRAINING OF FARMERS ACROSS NIGERIA','training-of-farmers-across-nigeria','EMPTY VALUE','capital',0,1,'2021-11-29 08:50:34','2021-11-29 08:50:34'),(110,7,125,'R1000011O','TRAINING OF FARMERS IN GROUNDNUT, COCOA, RICE,CASS','training-of-farmers-in-groundnut-cocoa-ricecass','EMPTY VALUE','capital',0,1,'2021-11-29 08:50:34','2021-11-29 08:50:34'),(111,7,125,'R1000011P','AGRICULTURAL TRAINING IN KADUNA','agricultural-training-in-kaduna','EMPTY VALUE','capital',0,1,'2021-11-29 08:50:34','2021-11-29 08:50:34'),(112,7,125,'R1000011Q','TRAINING OF 100 YOUTHS IN SOBA, KADUNA ON GSM SOFT','training-of-100-youths-in-soba-kaduna-on-gsm-soft','EMPTY VALUE','capital',0,1,'2021-11-29 08:50:34','2021-11-29 08:50:34'),(113,7,125,'R1000011R','TRAINING OF 1,000 YOUTHS IN CROSS RIVER STATE ON G','training-of-1000-youths-in-cross-river-state-on-g','EMPTY VALUE','capital',0,1,'2021-11-29 08:50:34','2021-11-29 08:50:34'),(114,7,125,'R1000011S','TRAINING OF 300 YOUTHS IN BEKWARA ON GSM SOFTWARE/','training-of-300-youths-in-bekwara-on-gsm-software','EMPTY VALUE','capital',0,1,'2021-11-29 08:50:34','2021-11-29 08:50:34'),(115,7,128,'R1200011D','TEAM BUILDING RETREAT FOR MEMBERS OF STAFF OF ZC','team-building-retreat-for-members-of-staff-of-zc','EMPTY VALUE','capital',0,1,'2021-11-29 08:50:34','2021-11-29 08:50:34'),(116,8,150,'R5000012A','LEGAL ADVISORY AND LITIGATION SUPPORT','legal-advisory-and-litigation-support','EMPTY VALUE','capital',0,1,'2021-11-29 08:50:34','2021-11-29 08:50:34'),(117,8,150,'R5000012B','REVIEW AND UPDATE OF NOGICD ACT','review-and-update-of-nogicd-act','EMPTY VALUE','capital',0,1,'2021-11-29 08:50:34','2021-11-29 08:50:34'),(118,8,150,'R5000012C','COST OF ENGAGING EXTERNAL LEGAL COUNSEL','cost-of-engaging-external-legal-counsel','EMPTY VALUE','capital',0,1,'2021-11-29 08:50:34','2021-11-29 08:50:34'),(119,8,150,'R5000012D','COST OF ENGAGING LEGAL CONSULTANTS TO DRAFT MINIST','cost-of-engaging-legal-consultants-to-draft-minist','EMPTY VALUE','capital',0,1,'2021-11-29 08:50:34','2021-11-29 08:50:34'),(120,8,150,'R5000012E','ENGAGING CONSULTANTS TO ORGANIZE WOKSHOPS AND RETR','engaging-consultants-to-organize-wokshops-and-retr','EMPTY VALUE','capital',0,1,'2021-11-29 08:50:34','2021-11-29 08:50:34'),(121,8,150,'R5000012F','GOVERNING COUNCIL SECRETARIAT','governing-council-secretariat','EMPTY VALUE','capital',0,1,'2021-11-29 08:50:34','2021-11-29 08:50:34'),(122,8,150,'R5000012G','IN-HOUSE COUNSEL COURT ROBES AND OTHER COURT APPEA','in-house-counsel-court-robes-and-other-court-appea','EMPTY VALUE','capital',0,1,'2021-11-29 08:50:34','2021-11-29 08:50:34'),(123,9,145,'P4200013A','TRAINING, CONFERENCES, SEMINARS AND OTHER ANCILLAR','training-conferences-seminars-and-other-ancillar','EMPTY VALUE','capital',0,1,'2021-11-29 08:50:34','2021-11-29 08:50:34'),(124,9,145,'P4200013C','SALARIES AND STAFF EMOLUMENTS','salaries-and-staff-emoluments','EMPTY VALUE','capital',0,1,'2021-11-29 08:50:34','2021-11-29 08:50:34'),(125,9,145,'P4200013D','2021 HMO PREMIUM AND PROVISION FOR MEDICAL','2021-hmo-premium-and-provision-for-medical','EMPTY VALUE','capital',0,1,'2021-11-29 08:50:34','2021-11-29 08:50:34'),(126,9,145,'P4200013E','PAYMENT OF GROUP LIFE ASSURANCE','payment-of-group-life-assurance','EMPTY VALUE','capital',0,1,'2021-11-29 08:50:34','2021-11-29 08:50:34'),(127,9,145,'P4200013F','REFUND OF NNPC PERSONNEL COST','refund-of-nnpc-personnel-cost','EMPTY VALUE','capital',0,1,'2021-11-29 08:50:34','2021-11-29 08:50:34'),(128,9,145,'R4200013G','CONSULTANCY FOR E-LIBRARY','consultancy-for-e-library','EMPTY VALUE','capital',0,1,'2021-11-29 08:50:34','2021-11-29 08:50:34'),(129,9,145,'R4200013M','HRIS SUBSCRIPTION','hris-subscription','EMPTY VALUE','capital',0,1,'2021-11-29 08:50:34','2021-11-29 08:50:34'),(130,9,145,'R4200013N','CRECHE - 250M\r\nGYMN, SUBSCRIPTION, COACHES PAYMENT','creche-250m-gymn-subscription-coaches-payment','EMPTY VALUE','capital',0,1,'2021-11-29 08:50:34','2021-11-29 08:50:34'),(131,9,145,'R4200013T','STAKEHOLDER MANAGEMENT AND INTERNATIONAL COORDINAT','stakeholder-management-and-international-coordinat','EMPTY VALUE','capital',0,1,'2021-11-29 08:50:34','2021-11-29 08:50:34'),(132,9,145,'P4200013H','PENSION CONTRIBUTION','pension-contribution','EMPTY VALUE','capital',0,1,'2021-11-29 08:50:34','2021-11-29 08:50:34'),(133,9,145,'P4200013I','ITF CONTRIBUTION','itf-contribution','EMPTY VALUE','capital',0,1,'2021-11-29 08:50:34','2021-11-29 08:50:34'),(134,9,145,'P4200013J','STAKEHOLDER ENGAGEMENT','stakeholder-engagement','EMPTY VALUE','capital',0,1,'2021-11-29 08:50:34','2021-11-29 08:50:34'),(135,9,145,'P4200013K','PAYMENT OF END OF SERVICE BONUS AND RETIREMENT BEN','payment-of-end-of-service-bonus-and-retirement-ben','EMPTY VALUE','capital',0,1,'2021-11-29 08:50:34','2021-11-29 08:50:34'),(136,9,145,'P4200013L','HOUSING LOAN SCHEME ( SEED FUND)','housing-loan-scheme-seed-fund','EMPTY VALUE','capital',0,1,'2021-11-29 08:50:34','2021-11-29 08:50:34'),(137,9,145,'P4200013O','BOOKS AND JOURNALS','books-and-journals','EMPTY VALUE','capital',0,1,'2021-11-29 08:50:34','2021-11-29 08:50:34'),(138,10,125,'R1000014A','ESO TRAVEL FUNDS','eso-travel-funds','EMPTY VALUE','capital',0,1,'2021-11-29 08:50:34','2021-11-29 08:50:34'),(139,10,130,'R1002014A','PROCUREMENT TRAVEL FUNDS','procurement-travel-funds','EMPTY VALUE','capital',0,1,'2021-11-29 08:50:34','2021-11-29 08:50:34'),(140,10,130,'R1002014D','PRINTING OF PROCUREMENT PROCESS MANUAL','printing-of-procurement-process-manual','EMPTY VALUE','capital',0,1,'2021-11-29 08:50:34','2021-11-29 08:50:34'),(141,10,131,'R1003014A','ICT  TRAVELS FUNDS','ict-travels-funds','EMPTY VALUE','capital',0,1,'2021-11-29 08:50:34','2021-11-29 08:50:34'),(142,10,131,'R1003014AA','BACK UP INTERNET FOR THE NEW HQ BUILDING','back-up-internet-for-the-new-hq-building','EMPTY VALUE','capital',0,1,'2021-11-29 08:50:34','2021-11-29 08:50:34'),(143,10,131,'R1003014AB','ICT PROJECTS (ADDITIONAL BUSINESS IMPROVEMENT  APP','ict-projects-additional-business-improvement-app','EMPTY VALUE','capital',0,1,'2021-11-29 08:50:34','2021-11-29 08:50:34'),(144,10,131,'R1003014AD','ICT PROJECTS ( ICT SUPPORT AND MAINTENANCE FOR ZON','ict-projects-ict-support-and-maintenance-for-zon','EMPTY VALUE','capital',0,1,'2021-11-29 08:50:34','2021-11-29 08:50:34'),(145,10,131,'R1003014AE','BUSINESS CONTINUITY / BACK UP OF DATA','business-continuity-back-up-of-data','EMPTY VALUE','capital',0,1,'2021-11-29 08:50:34','2021-11-29 08:50:34'),(146,10,131,'R1003014AG','REALIGNMENT/CONFIGURATION/ HARDWARE REQUIREMENTS A','realignmentconfiguration-hardware-requirements-a','EMPTY VALUE','capital',0,1,'2021-11-29 08:50:34','2021-11-29 08:50:34'),(147,10,131,'C1003014AH','ICT PROJECTS ( PROVISION OF NEW HQ ACCESS POINTS,','ict-projects-provision-of-new-hq-access-points','EMPTY VALUE','capital',0,1,'2021-11-29 08:50:34','2021-11-29 08:50:34'),(148,10,131,'R1003014B','LICENSE RENEWAL (MICROSOFT OFFICE 365 E3 RENEWAL (','license-renewal-microsoft-office-365-e3-renewal','EMPTY VALUE','capital',0,1,'2021-11-29 08:50:34','2021-11-29 08:50:34'),(149,10,131,'R1003014BD','SUBSCRIPTION RENEWAL (EDMS SUBSCRIPTION RENEWAL)','subscription-renewal-edms-subscription-renewal','EMPTY VALUE','capital',0,1,'2021-11-29 08:50:34','2021-11-29 08:50:34'),(150,10,131,'R1003014BE','LICENSE RENEWAL','license-renewal','EMPTY VALUE','capital',0,1,'2021-11-29 08:50:34','2021-11-29 08:50:34'),(151,10,131,'R1003014BF','ICT SUBSCRIPTION, RENEWAL AND LICENSE FEES  (BUDGE','ict-subscription-renewal-and-license-fees-budge','EMPTY VALUE','capital',0,1,'2021-11-29 08:50:34','2021-11-29 08:50:34'),(152,10,131,'R1003014CA','HOSTING OF THE NOGIC JQS SERVERS','hosting-of-the-nogic-jqs-servers','EMPTY VALUE','capital',0,1,'2021-11-29 08:50:34','2021-11-29 08:50:34'),(153,10,131,'R1003014CB','INFRASTRUCTURE BY MAINONE','infrastructure-by-mainone','EMPTY VALUE','capital',0,1,'2021-11-29 08:50:34','2021-11-29 08:50:34'),(154,10,131,'R1003014D','NOGIC JQS APPLICATION ANNUAL SUPPORT','nogic-jqs-application-annual-support','EMPTY VALUE','capital',0,1,'2021-11-29 08:50:34','2021-11-29 08:50:34'),(155,10,131,'R1003014DA','NOGIC JQS ORACLE DATABASE ANNUAL SUPPORT','nogic-jqs-oracle-database-annual-support','EMPTY VALUE','capital',0,1,'2021-11-29 08:50:34','2021-11-29 08:50:34'),(156,10,131,'R1003014DB','NOGIC JQS TABLEAU BI ANNUAL SUPPORT','nogic-jqs-tableau-bi-annual-support','EMPTY VALUE','capital',0,1,'2021-11-29 08:50:34','2021-11-29 08:50:34'),(157,10,131,'R1003014DC','CHANGES TO BE MADE TO THE NOGIC JQS THAT ARE NOT C','changes-to-be-made-to-the-nogic-jqs-that-are-not-c','EMPTY VALUE','capital',0,1,'2021-11-29 08:50:34','2021-11-29 08:50:34'),(158,10,131,'R1003014F','PROVISION OF ICT TOOLS AND CONSUMABLES (MAINTENANC','provision-of-ict-tools-and-consumables-maintenanc','EMPTY VALUE','capital',0,1,'2021-11-29 08:50:34','2021-11-29 08:50:34'),(159,10,131,'C1003014FB','PROCUREMENT OF PORTABLE COMPUTING DEVICES','procurement-of-portable-computing-devices','EMPTY VALUE','capital',0,1,'2021-11-29 08:50:35','2021-11-29 08:50:35'),(160,10,131,'C1003014FE','ZONAL OFFICE ICT EQUIPMENT REPLACEMENT','zonal-office-ict-equipment-replacement','EMPTY VALUE','capital',0,1,'2021-11-29 08:50:35','2021-11-29 08:50:35'),(161,10,131,'R1003014FE','ANNUAL WAN LINK PROVISION FOR DATA BACK OF THE NOG','annual-wan-link-provision-for-data-back-of-the-nog','EMPTY VALUE','capital',0,1,'2021-11-29 08:50:35','2021-11-29 08:50:35'),(162,10,131,'R1003014FG','INK/ TONER AND PROVISION OF ICT TOOLS AND CONSUMAB','ink-toner-and-provision-of-ict-tools-and-consumab','EMPTY VALUE','capital',0,1,'2021-11-29 08:50:35','2021-11-29 08:50:35'),(163,10,131,'C1003014FJ','PORTABLE LAPTOPS FOR STAFF (REPLACEMENTS & NEW ISS','portable-laptops-for-staff-replacements-new-iss','EMPTY VALUE','capital',0,1,'2021-11-29 08:50:35','2021-11-29 08:50:35'),(164,10,131,'C1003014G','AUTOMATION OF WORK PROCESSES AND IT UPGRADE','automation-of-work-processes-and-it-upgrade','EMPTY VALUE','capital',0,1,'2021-11-29 08:50:35','2021-11-29 08:50:35'),(165,10,131,'C1003014GA','UPGRADE OF ORACLE DATABASE FOR NOGICJQS FROM 11G T','upgrade-of-oracle-database-for-nogicjqs-from-11g-t','EMPTY VALUE','capital',0,1,'2021-11-29 08:50:35','2021-11-29 08:50:35'),(166,10,128,'R1200014A','ZC TRAVEL FUNDS','zc-travel-funds','EMPTY VALUE','capital',0,1,'2021-11-29 08:50:35','2021-11-29 08:50:35'),(167,10,129,'R1201014M','CCD TRAVEL FUNDS','ccd-travel-funds','EMPTY VALUE','capital',0,1,'2021-11-29 08:50:35','2021-11-29 08:50:35'),(168,10,158,'R1300014A','CB TRAVEL FUNDS','cb-travel-funds','EMPTY VALUE','capital',0,1,'2021-11-29 08:50:35','2021-11-29 08:50:35'),(169,10,154,'R1500014A','STPD TRAVEL FUNDS','stpd-travel-funds','EMPTY VALUE','capital',0,1,'2021-11-29 08:50:35','2021-11-29 08:50:35'),(170,10,138,'R2000014A','PRS TRAVEL FUNDS','prs-travel-funds','EMPTY VALUE','capital',0,1,'2021-11-29 08:50:35','2021-11-29 08:50:35'),(171,10,140,'R2100014A','RSD TRAVELS FUNDS','rsd-travels-funds','EMPTY VALUE','capital',0,1,'2021-11-29 08:50:35','2021-11-29 08:50:35'),(172,10,144,'R4000014A','DFPM  TRAVEL FUNDS','dfpm-travel-funds','EMPTY VALUE','capital',0,1,'2021-11-29 08:50:35','2021-11-29 08:50:35'),(173,10,149,'R4001014A','FAD TRAVEL FUNDS','fad-travel-funds','EMPTY VALUE','capital',0,1,'2021-11-29 08:50:35','2021-11-29 08:50:35'),(174,10,146,'R4002014A','BOARDWIDE TRAVELS/ACCOMMODATIONS/OUTSTANDING LO','boardwide-travelsaccommodationsoutstanding-lo','EMPTY VALUE','capital',0,1,'2021-11-29 08:50:35','2021-11-29 08:50:35'),(175,10,146,'R4002014AZ','RENT AND RENOVATION OF ZONAL AND LIAISON OFFICES','rent-and-renovation-of-zonal-and-liaison-offices','EMPTY VALUE','capital',0,1,'2021-11-29 08:50:35','2021-11-29 08:50:35'),(176,10,146,'R4002014B','RENT PAYMENT FOR VARIOUS OFFICES AND NYSC RESIDENC','rent-payment-for-various-offices-and-nysc-residenc','EMPTY VALUE','capital',0,1,'2021-11-29 08:50:35','2021-11-29 08:50:35'),(177,10,146,'R4002014C','RENOVATION OF ONOPA OFFICE BUILDING','renovation-of-onopa-office-building','EMPTY VALUE','capital',0,1,'2021-11-29 08:50:35','2021-11-29 08:50:35'),(178,10,146,'R4002014D','REPAIRS AND REFURBLISHMENT OF NCDMB OFFICE AT ONDO','repairs-and-refurblishment-of-ncdmb-office-at-ondo','EMPTY VALUE','capital',0,1,'2021-11-29 08:50:35','2021-11-29 08:50:35'),(179,10,146,'R4002014DA','UTILIZATION OF CAPACITY BUILDING FOR CRITICAL','utilization-of-capacity-building-for-critical','EMPTY VALUE','capital',0,1,'2021-11-29 08:50:35','2021-11-29 08:50:35'),(180,10,146,'C4002014B','PROCUREMENT OF FIREFIGHTING TRUCK, SALARIES AND AL','procurement-of-firefighting-truck-salaries-and-al','EMPTY VALUE','capital',0,1,'2021-11-29 08:50:35','2021-11-29 08:50:35'),(181,10,146,'C4002014G','PURCHASE OF NEW VEHICLES FOR BOARD OPERATIONS','purchase-of-new-vehicles-for-board-operations','EMPTY VALUE','capital',0,1,'2021-11-29 08:50:35','2021-11-29 08:50:35'),(182,10,146,'R4002014H','PROCUREMENT OF AIR CONDITIONS AND REFRIGERATORS','procurement-of-air-conditions-and-refrigerators','EMPTY VALUE','capital',0,1,'2021-11-29 08:50:35','2021-11-29 08:50:35'),(183,10,146,'R4002014J','VEHICLE MAINTENANCE AND IVM','vehicle-maintenance-and-ivm','EMPTY VALUE','capital',0,1,'2021-11-29 08:50:35','2021-11-29 08:50:35'),(184,10,146,'R4002014K','SALARIES AND ALLOWANCES OF DRIVERS AND SECURITY','salaries-and-allowances-of-drivers-and-security','EMPTY VALUE','capital',0,1,'2021-11-29 08:50:35','2021-11-29 08:50:35'),(185,10,146,'R4002014L','POWER MAINTENANCE / DIESEL IN HQ AND ZONAL OFFICES','power-maintenance-diesel-in-hq-and-zonal-offices','EMPTY VALUE','capital',0,1,'2021-11-29 08:50:35','2021-11-29 08:50:35'),(186,10,146,'C4002014M','PURCHASE OF HILUX CARRIAGE COVER','purchase-of-hilux-carriage-cover','EMPTY VALUE','capital',0,1,'2021-11-29 08:50:35','2021-11-29 08:50:35'),(187,10,146,'R4002014O','STATIONERY AND CONFECTIONERY ITEMS','stationery-and-confectionery-items','EMPTY VALUE','capital',0,1,'2021-11-29 08:50:35','2021-11-29 08:50:35'),(188,10,146,'R4002014P','FACILITY MANAGEMENT FOR NEW HQ','facility-management-for-new-hq','EMPTY VALUE','capital',0,1,'2021-11-29 08:50:35','2021-11-29 08:50:35'),(189,10,146,'R4002014Y','LOGISTICS VOTE FOR SHARED SERVICES/PROGRAMMES','logistics-vote-for-shared-servicesprogrammes','EMPTY VALUE','capital',0,1,'2021-11-29 08:50:35','2021-11-29 08:50:35'),(190,10,146,'R4002014Z','FLD TRAVEL FUNDS','fld-travel-funds','EMPTY VALUE','capital',0,1,'2021-11-29 08:50:35','2021-11-29 08:50:35'),(191,10,148,'R4003014A','HSE TRAVEL FUNDS','hse-travel-funds','EMPTY VALUE','capital',0,1,'2021-11-29 08:50:35','2021-11-29 08:50:35'),(192,10,148,'R4003014B','SECURITY ENHANCEMENT IN YENAGOA','security-enhancement-in-yenagoa','EMPTY VALUE','capital',0,1,'2021-11-29 08:50:35','2021-11-29 08:50:35'),(193,10,147,'R4100014A','NCDF & TM  TRAVEL FUNDS','ncdf-tm-travel-funds','EMPTY VALUE','capital',0,1,'2021-11-29 08:50:35','2021-11-29 08:50:35'),(194,10,147,'R4100014G','ADMINISTRATION AND OPERATIONAL COSTS OF NCDF','administration-and-operational-costs-of-ncdf','EMPTY VALUE','capital',0,1,'2021-11-29 08:50:35','2021-11-29 08:50:35'),(195,10,147,'R4100014H','NCDF FINANCE FAIR','ncdf-finance-fair','EMPTY VALUE','capital',0,1,'2021-11-29 08:50:35','2021-11-29 08:50:35'),(196,10,145,'R4200014A','HRD TRAVEL FUNDS','hrd-travel-funds','EMPTY VALUE','capital',0,1,'2021-11-29 08:50:35','2021-11-29 08:50:35'),(197,10,150,'R5000014A','DLS TRAVEL FUNDS','dls-travel-funds','EMPTY VALUE','capital',0,1,'2021-11-29 08:50:35','2021-11-29 08:50:35'),(198,10,169,'R8888014A','BUDGET COMMITEE STRATEGIC RESERVE AND OPERATIONAL','budget-commitee-strategic-reserve-and-operational','EMPTY VALUE','capital',0,1,'2021-11-29 08:50:35','2021-11-29 08:50:35'),(199,10,169,'R8888014B','BUDGET COMMITTEE SECRETARIAT EXPENSES','budget-committee-secretariat-expenses','EMPTY VALUE','capital',0,1,'2021-11-29 08:50:35','2021-11-29 08:50:35'),(200,10,152,'R7777014A','CHAIRMAN GOVERNING COUNCIL USE OF BOARDWIDE TRAVEL','chairman-governing-council-use-of-boardwide-travel','EMPTY VALUE','capital',0,1,'2021-11-29 08:50:35','2021-11-29 08:50:35'),(201,10,152,'R7777014B','GOVERNING COUNCIL TRAVEL FUNDS','governing-council-travel-funds','EMPTY VALUE','capital',0,1,'2021-11-29 08:50:35','2021-11-29 08:50:35'),(202,10,152,'R7777014C','GOVERNING COUNCIL OPERATIONS AND CHAIRMAN\'S INTERF','governing-council-operations-and-chairmans-interf','EMPTY VALUE','capital',0,1,'2021-11-29 08:50:35','2021-11-29 08:50:35'),(203,11,132,'R3000015A','PRODUCTION OF COMPENDIUM, NOGOF 2021 & POST-NOGOF','production-of-compendium-nogof-2021-post-nogof','EMPTY VALUE','capital',0,1,'2021-11-29 08:50:35','2021-11-29 08:50:35'),(204,11,132,'R3000015B','COLLABORATION/ENGAGEMENT WITH DPR, FMI, NCAA, OGFZ','collaborationengagement-with-dpr-fmi-ncaa-ogfz','EMPTY VALUE','capital',0,1,'2021-11-29 08:50:35','2021-11-29 08:50:35'),(205,11,132,'R3000015C','ENGAGEMENT OF 10 CONSULTANTS FOR THIRD PARTY MONIT','engagement-of-10-consultants-for-third-party-monit','EMPTY VALUE','capital',0,1,'2021-11-29 08:50:35','2021-11-29 08:50:35'),(206,11,132,'R3000015G','PROVISION OF TECHNICAL SUPPORT FOR THE IMPLEMENTAT','provision-of-technical-support-for-the-implementat','EMPTY VALUE','capital',0,1,'2021-11-29 08:50:35','2021-11-29 08:50:35'),(207,11,132,'R3000015H','OPERATION OF 6 REGIONAL HUBS IN ABUJA, LAGOS, IMO,','operation-of-6-regional-hubs-in-abuja-lagos-imo','EMPTY VALUE','capital',0,1,'2021-11-29 08:50:35','2021-11-29 08:50:35'),(208,11,132,'R3000015J','MED TRAVEL FUNDS','med-travel-funds','EMPTY VALUE','capital',0,1,'2021-11-29 08:50:35','2021-11-29 08:50:35'),(209,12,162,'R1400016B','QUARTERLY DIVISIONAL KNOWLEDGE SHARING AND MEETING','quarterly-divisional-knowledge-sharing-and-meeting','EMPTY VALUE','capital',0,1,'2021-11-29 08:50:35','2021-11-29 08:50:35'),(210,12,162,'R1400016C','PROJECT EVALUATION AND INDUSTRY CONTRACTING 1010ES','project-evaluation-and-industry-contracting-1010es','EMPTY VALUE','capital',0,1,'2021-11-29 08:50:35','2021-11-29 08:50:35'),(211,12,162,'R1400016D','HONORARIUM FOR OBSERVERS AND ENTERTAINMENT OF EVAL','honorarium-for-observers-and-entertainment-of-eval','EMPTY VALUE','capital',0,1,'2021-11-29 08:50:35','2021-11-29 08:50:35'),(212,12,162,'R1400016E','PCAD TRAVEL FUNDS','pcad-travel-funds','EMPTY VALUE','capital',0,1,'2021-11-29 08:50:35','2021-11-29 08:50:35'),(213,13,147,'R4100018B','ENGAGEMENT OF ACCOUNTING FIRMS FOR FORENSIC AUDIT','engagement-of-accounting-firms-for-forensic-audit','EMPTY VALUE','capital',0,1,'2021-11-29 08:50:35','2021-11-29 08:50:35'),(214,13,147,'R4100018C','PROVISION FOR CONSULTANCY SERVICES ON VARIOUS  ASP','provision-for-consultancy-services-on-various-asp','EMPTY VALUE','capital',0,1,'2021-11-29 08:50:35','2021-11-29 08:50:35'),(215,13,147,'R4100018F','NCDF UTILIZATION OF CONSULTANCY FOR USE OF FUNDS (','ncdf-utilization-of-consultancy-for-use-of-funds','EMPTY VALUE','capital',0,1,'2021-11-29 08:50:35','2021-11-29 08:50:35'),(216,13,147,'R4100018G','ADMINISTRATION AND OPERATIONAL COSTS OF NCDF (NCDF','administration-and-operational-costs-of-ncdf-ncdf','EMPTY VALUE','capital',0,1,'2021-11-29 08:50:35','2021-11-29 08:50:35'),(217,14,154,'C1500019A','CONSTRUCTION OF NCDMB HEAD OFFICE COMPLEX AND ANCI','construction-of-ncdmb-head-office-complex-and-anci','EMPTY VALUE','capital',0,1,'2021-11-29 08:50:35','2021-11-29 08:50:35'),(218,14,154,'C1500019F','ESTABLISHMENT OF ARCHIVES, SICK BAY, PHYSICAL LIBR','establishment-of-archives-sick-bay-physical-libr','EMPTY VALUE','capital',0,1,'2021-11-29 08:50:35','2021-11-29 08:50:35'),(219,14,154,'C1500019Q','FIRE STATION, FIRE FIGHTING ACCESSORY AND TRAINING','fire-station-fire-fighting-accessory-and-training','EMPTY VALUE','capital',0,1,'2021-11-29 08:50:35','2021-11-29 08:50:35'),(220,14,154,'R1500019R','HEADQUARTERS RELOCATION READINESS ACTIVITIES','headquarters-relocation-readiness-activities','EMPTY VALUE','capital',0,1,'2021-11-29 08:50:35','2021-11-29 08:50:35'),(221,15,126,'R1001020B','IAD TEAM BUILDING RETREAT','iad-team-building-retreat','EMPTY VALUE','capital',0,1,'2021-11-29 08:50:35','2021-11-29 08:50:35'),(222,15,126,'R1001020C','CONSULTANCY SERVICES TO CARRY OUT STATUTORY AUDIT','consultancy-services-to-carry-out-statutory-audit','EMPTY VALUE','capital',0,1,'2021-11-29 08:50:35','2021-11-29 08:50:35'),(223,15,149,'R4001020A','FINANCIAL SERVICE AND CONSULTANCY FOR THE BOARD 10','financial-service-and-consultancy-for-the-board-10','EMPTY VALUE','capital',0,1,'2021-11-29 08:50:35','2021-11-29 08:50:35'),(224,15,149,'R4001020B','UPGRADE OF SUN FINANCIAL SOFTWARE','upgrade-of-sun-financial-software','EMPTY VALUE','capital',0,1,'2021-11-29 08:50:35','2021-11-29 08:50:35'),(225,15,149,'R4001020C','CONFERENCES/SEMINARS AND CAPACITY BUILDING','conferencesseminars-and-capacity-building','EMPTY VALUE','capital',0,1,'2021-11-29 08:50:35','2021-11-29 08:50:35'),(226,15,149,'R4001020D','COST OF FINANCIAL SERVICES TO THE BOARD','cost-of-financial-services-to-the-board','EMPTY VALUE','capital',0,1,'2021-11-29 08:50:35','2021-11-29 08:50:35'),(227,15,149,'R4001020E','FAD TEAM BUILDING RETREAT','fad-team-building-retreat','EMPTY VALUE','capital',0,1,'2021-11-29 08:50:35','2021-11-29 08:50:35'),(228,15,147,'R4100020D','NCDF&TM  UTILIZATION OF PROVISION FOR EXPENSES','ncdftm-utilization-of-provision-for-expenses','EMPTY VALUE','capital',0,1,'2021-11-29 08:50:35','2021-11-29 08:50:35'),(229,15,147,'R4100020F','COST OF NCDF ADMINISTRATION','cost-of-ncdf-administration','EMPTY VALUE','capital',0,1,'2021-11-29 08:50:35','2021-11-29 08:50:35'),(230,15,126,'R1001020A','IAD TRAVEL FUNDS','iad-travel-funds','EMPTY VALUE','capital',0,1,'2021-11-29 08:50:35','2021-11-29 08:50:35'),(231,16,145,'P4200022B','PAYMENT OF SECONDEES, CONTRACT, THIRD PARTY CONTRA','payment-of-secondees-contract-third-party-contra','EMPTY VALUE','capital',0,1,'2021-11-29 08:50:35','2021-11-29 08:50:35'),(232,17,128,'R1200023F','SENSITIZATION FOR ZONAL COORDINATION PROGRAMMES (A','sensitization-for-zonal-coordination-programmes-a','EMPTY VALUE','capital',0,1,'2021-11-29 08:50:35','2021-11-29 08:50:35'),(233,17,128,'R1200023D','SENSITIZATION AND ENLIGHTENMENT WORKSHOP FOR NON N','sensitization-and-enlightenment-workshop-for-non-n','EMPTY VALUE','capital',0,1,'2021-11-29 08:50:35','2021-11-29 08:50:35'),(234,17,128,'R1200023Z','NCI FUND WORKSHOP IN 5 STATES IN ABIA, AKWA IBOM,','nci-fund-workshop-in-5-states-in-abia-akwa-ibom','EMPTY VALUE','capital',0,1,'2021-11-29 08:50:35','2021-11-29 08:50:35'),(235,18,129,'R1201024A','TEAM BUILDING/ RETREAT ACTIVITIES FOR CCD STAFF','team-building-retreat-activities-for-ccd-staff','EMPTY VALUE','capital',0,1,'2021-11-29 08:50:35','2021-11-29 08:50:35'),(236,18,129,'R1201024C','LOCAL CONTENT WEEKLY TV PROGRAM AND EXTENSION TO C','local-content-weekly-tv-program-and-extension-to-c','EMPTY VALUE','capital',0,1,'2021-11-29 08:50:35','2021-11-29 08:50:35'),(237,18,129,'R1201024D','LOCAL/INTERNATIONAL CONFERENCES, SPONSORSHIP AND E','localinternational-conferences-sponsorship-and-e','EMPTY VALUE','capital',0,1,'2021-11-29 08:50:35','2021-11-29 08:50:35'),(238,18,129,'R1201024F','NEWSPAPER ADVERT FOR BOARD-WIDE ACTIVITIES','newspaper-advert-for-board-wide-activities','EMPTY VALUE','capital',0,1,'2021-11-29 08:50:35','2021-11-29 08:50:35'),(239,18,129,'R1201024G','LOCAL ENGAGEMENT AND PUBLICATION OF THE ENGAGEMENT','local-engagement-and-publication-of-the-engagement','EMPTY VALUE','capital',0,1,'2021-11-29 08:50:35','2021-11-29 08:50:35'),(240,18,129,'R1201024H','MEDIA & PUBLICITY VIA RADIO FOR MASSIVE MEDIA EN','media-publicity-via-radio-for-massive-media-en','EMPTY VALUE','capital',0,1,'2021-11-29 08:50:35','2021-11-29 08:50:35'),(241,18,129,'R1201024J','NCDMB NATIONWIDE BILLBOARDS CAMPAIGNS','ncdmb-nationwide-billboards-campaigns','EMPTY VALUE','capital',0,1,'2021-11-29 08:50:35','2021-11-29 08:50:35'),(242,18,129,'R1201024L','OPERATION VEHICLE FOR 1201','operation-vehicle-for-1201','EMPTY VALUE','capital',0,1,'2021-11-29 08:50:35','2021-11-29 08:50:35'),(243,18,129,'R1201024N','CSR SPONSORSHIP FOR PUBLIC RELATION','csr-sponsorship-for-public-relation','EMPTY VALUE','capital',0,1,'2021-11-29 08:50:35','2021-11-29 08:50:35'),(244,18,129,'R1201024P','ANNUAL NIGERIAN CONTENT UNDERGRADUATE ESSAY COMPET','annual-nigerian-content-undergraduate-essay-compet','EMPTY VALUE','capital',0,1,'2021-11-29 08:50:35','2021-11-29 08:50:35'),(245,18,129,'R1201024Q','DEVELOPMENT OF SIGNAGE FOR NEW HQ BUILDING/ BRANDI','development-of-signage-for-new-hq-building-brandi','EMPTY VALUE','capital',0,1,'2021-11-29 08:50:35','2021-11-29 08:50:35'),(246,18,129,'R1201024R','PUBLICATION OF SPECIAL REPORT/ PRODUCTION OF COFFE','publication-of-special-report-production-of-coffe','EMPTY VALUE','capital',0,1,'2021-11-29 08:50:35','2021-11-29 08:50:35'),(247,18,129,'R1201024T','TV BROADCAST AND REPORT IN LOCAL 3000IA/ NCDMB SCR','tv-broadcast-and-report-in-local-3000ia-ncdmb-scr','EMPTY VALUE','capital',0,1,'2021-11-29 08:50:35','2021-11-29 08:50:35'),(248,18,129,'R1201024V','SOCIAL MEDIA ENGAGEMENT AND PUBLICITY','social-media-engagement-and-publicity','EMPTY VALUE','capital',0,1,'2021-11-29 08:50:35','2021-11-29 08:50:35'),(249,18,129,'R1201024W','DEVELOPMENT OF LOCAL CONTENT CAPACITIES MAP','development-of-local-content-capacities-map','EMPTY VALUE','capital',0,1,'2021-11-29 08:50:35','2021-11-29 08:50:35'),(250,18,129,'R1201024X','NTA SCIENCE QUIZ','nta-science-quiz','EMPTY VALUE','capital',0,1,'2021-11-29 08:50:35','2021-11-29 08:50:35'),(251,18,129,'R1201024Y','ANCILLARY COST FOR PROTOCOL AND VISA PROCESSIN FOR','ancillary-cost-for-protocol-and-visa-processin-for','EMPTY VALUE','capital',0,1,'2021-11-29 08:50:35','2021-11-29 08:50:35'),(252,18,129,'R1201024Z','CAPACITY BUILDING WORKSHOP FOR CIVIL SOCIETY GROUP','capacity-building-workshop-for-civil-society-group','EMPTY VALUE','capital',0,1,'2021-11-29 08:50:35','2021-11-29 08:50:35'),(253,19,125,'R1000025A','CAPACITY BUILDING INTERVENTION AIMED AT PROVIDING','capacity-building-intervention-aimed-at-providing','EMPTY VALUE','capital',0,1,'2021-11-29 08:50:35','2021-11-29 08:50:35'),(254,19,125,'R1000025B','PROJECT MANAGEMENT FOR CONSTRUCTION OF NCDMB NEIGH','project-management-for-construction-of-ncdmb-neigh','EMPTY VALUE','capital',0,1,'2021-11-29 08:50:35','2021-11-29 08:50:35'),(255,19,130,'R1002025E','EXPENSES FOR PROCUREMENT DEPT, REGULATORY AND FUNC','expenses-for-procurement-dept-regulatory-and-func','EMPTY VALUE','capital',0,1,'2021-11-29 08:50:35','2021-11-29 08:50:35'),(256,19,132,'R3000025B','TRAIN ALL STAFF OF THE BOARD ON SERVICOM/CAPACITY','train-all-staff-of-the-board-on-servicomcapacity','EMPTY VALUE','capital',0,1,'2021-11-29 08:50:35','2021-11-29 08:50:35'),(257,19,132,'R3000025C','CAPACITY BUILDING, TRAINING AND WORKSHOPS FOR MED','capacity-building-training-and-workshops-for-med','EMPTY VALUE','capital',0,1,'2021-11-29 08:50:35','2021-11-29 08:50:35'),(258,19,125,'C1000025C','CONSTRUCTION OF POWER SOLUTION FOR THE ECO SYSTEM','construction-of-power-solution-for-the-eco-system','EMPTY VALUE','capital',0,1,'2021-11-29 08:50:35','2021-11-29 08:50:35'),(259,19,125,'C1000025K','TECHNOLOGY INCUBATION CENTRE FOR START-UPS','technology-incubation-centre-for-start-ups','EMPTY VALUE','capital',0,1,'2021-11-29 08:50:35','2021-11-29 08:50:35'),(260,19,125,'R1000025D','DEWORMING PROGRAM FOR CHILDREN AND PROVISION OF BA','deworming-program-for-children-and-provision-of-ba','EMPTY VALUE','capital',0,1,'2021-11-29 08:50:35','2021-11-29 08:50:35'),(261,19,125,'R1000025E','CSR IN CAPACITY DEVELOPMENT INITIATIVE','csr-in-capacity-development-initiative','EMPTY VALUE','capital',0,1,'2021-11-29 08:50:35','2021-11-29 08:50:35'),(262,19,125,'C1000025E','BUILDING  OF NCDMB NEIGHBOURHOOD COMMUNITY IN  KHA','building-of-ncdmb-neighbourhood-community-in-kha','EMPTY VALUE','capital',0,1,'2021-11-29 08:50:35','2021-11-29 08:50:35'),(263,19,125,'R1000025G','CAPACITY BUILDING WORKSHOP OF 1000 YOUTHS IN GSM P','capacity-building-workshop-of-1000-youths-in-gsm-p','EMPTY VALUE','capital',0,1,'2021-11-29 08:50:35','2021-11-29 08:50:35'),(264,19,125,'R1000025H','CAPACITY BUILDING WORKSHOP OF 1000 YOUTHS IN GSM P','capacity-building-workshop-of-1000-youths-in-gsm-p','EMPTY VALUE','capital',0,1,'2021-11-29 08:50:35','2021-11-29 08:50:35'),(265,20,166,'R1100026A','CONSULTANCY SERVICES FOR NCDMB INVESTMENT POLICY','consultancy-services-for-ncdmb-investment-policy','EMPTY VALUE','capital',0,1,'2021-11-29 08:50:35','2021-11-29 08:50:35'),(266,20,166,'R1100026F','ORGANIZE SENSITIZATION WORKSHOPS FOR PROSPECTIVE I','organize-sensitization-workshops-for-prospective-i','EMPTY VALUE','capital',0,1,'2021-11-29 08:50:35','2021-11-29 08:50:35'),(267,20,166,'R1000026B','SET UP AND OPERATIONALIZE PROJECT MANAGEMENT OFFIC','set-up-and-operationalize-project-management-offic','EMPTY VALUE','capital',0,1,'2021-11-29 08:50:35','2021-11-29 08:50:35'),(268,20,166,'R1000026C','PROJECT MANAGEMENT FOR UNDEWATER DIVING FACILITY','project-management-for-undewater-diving-facility','EMPTY VALUE','capital',0,1,'2021-11-29 08:50:35','2021-11-29 08:50:35'),(269,20,166,'R1000026D','DEVELOPMENT OF 50 PERSON CAPACITY UNDERWATER DIVER','development-of-50-person-capacity-underwater-diver','EMPTY VALUE','capital',0,1,'2021-11-29 08:50:35','2021-11-29 08:50:35'),(270,20,166,'R1000026E','FINANCE OPERATIONS UNDER PROJECT 100','finance-operations-under-project-100','EMPTY VALUE','capital',0,1,'2021-11-29 08:50:35','2021-11-29 08:50:35'),(271,20,166,'R1000026G','OPERATIONS AND MAINTENANCE OF POWER PLANT AT ELEBE','operations-and-maintenance-of-power-plant-at-elebe','EMPTY VALUE','capital',0,1,'2021-11-29 08:50:35','2021-11-29 08:50:35'),(272,20,166,'C1500026O','DEVELOPMENT OF OLOIBIRI MUSEUM AND RESEARCH CENTER','development-of-oloibiri-museum-and-research-center','EMPTY VALUE','capital',0,1,'2021-11-29 08:50:35','2021-11-29 08:50:35'),(273,21,138,'R2000027A','SECTORIAL WORKING GROUP AND SECTORIAL GROUP MEETIN','sectorial-working-group-and-sectorial-group-meetin','EMPTY VALUE','capital',0,1,'2021-11-29 08:50:35','2021-11-29 08:50:35'),(274,21,138,'R2000027B','EXECUTION OF NCCF SECTORIAL GROUP PROJECTS','execution-of-nccf-sectorial-group-projects','EMPTY VALUE','capital',0,1,'2021-11-29 08:50:35','2021-11-29 08:50:35');
/*!40000 ALTER TABLE `sub_budget_heads` ENABLE KEYS */;
UNLOCK TABLES;

--
-- Table structure for table `userables`
--

DROP TABLE IF EXISTS `userables`;
/*!40101 SET @saved_cs_client     = @@character_set_client */;
/*!50503 SET character_set_client = utf8mb4 */;
CREATE TABLE `userables` (
  `user_id` bigint unsigned NOT NULL,
  `userable_id` bigint unsigned NOT NULL,
  `userable_type` varchar(255) COLLATE utf8mb4_unicode_ci NOT NULL
) ENGINE=InnoDB DEFAULT CHARSET=utf8mb4 COLLATE=utf8mb4_unicode_ci;
/*!40101 SET character_set_client = @saved_cs_client */;

--
-- Dumping data for table `userables`
--

LOCK TABLES `userables` WRITE;
/*!40000 ALTER TABLE `userables` DISABLE KEYS */;
INSERT INTO `userables` VALUES (1,1,'App\\Models\\Role'),(1,131,'App\\Models\\Department'),(2,125,'App\\Models\\Department'),(2,131,'App\\Models\\Department'),(2,5,'App\\Models\\Role'),(3,125,'App\\Models\\Department'),(3,131,'App\\Models\\Department'),(3,5,'App\\Models\\Role'),(4,125,'App\\Models\\Department'),(4,131,'App\\Models\\Department'),(4,5,'App\\Models\\Role'),(4,2,'App\\Models\\Role'),(5,125,'App\\Models\\Department'),(5,131,'App\\Models\\Department'),(5,5,'App\\Models\\Role'),(5,2,'App\\Models\\Role'),(6,7,'App\\Models\\Role'),(6,3,'App\\Models\\Role');
/*!40000 ALTER TABLE `userables` ENABLE KEYS */;
UNLOCK TABLES;

--
-- Table structure for table `users`
--

DROP TABLE IF EXISTS `users`;
/*!40101 SET @saved_cs_client     = @@character_set_client */;
/*!50503 SET character_set_client = utf8mb4 */;
CREATE TABLE `users` (
  `id` bigint unsigned NOT NULL AUTO_INCREMENT,
  `staff_no` varchar(255) COLLATE utf8mb4_unicode_ci DEFAULT NULL,
  `grade_level_id` bigint NOT NULL DEFAULT '0',
  `department_id` bigint NOT NULL DEFAULT '0',
  `name` varchar(255) COLLATE utf8mb4_unicode_ci NOT NULL,
  `email` varchar(255) COLLATE utf8mb4_unicode_ci NOT NULL,
  `email_verified_at` timestamp NULL DEFAULT NULL,
  `password` varchar(255) COLLATE utf8mb4_unicode_ci NOT NULL,
  `isAdministrator` tinyint(1) NOT NULL DEFAULT '0',
  `canAccessBudgetPortal` tinyint(1) NOT NULL DEFAULT '0',
  `avatar` varchar(255) COLLATE utf8mb4_unicode_ci DEFAULT NULL,
  `points` decimal(30,2) NOT NULL DEFAULT '0.00',
  `remember_token` varchar(100) COLLATE utf8mb4_unicode_ci DEFAULT NULL,
  `created_at` timestamp NULL DEFAULT NULL,
  `updated_at` timestamp NULL DEFAULT NULL,
  PRIMARY KEY (`id`),
  UNIQUE KEY `users_email_unique` (`email`),
  UNIQUE KEY `users_staff_no_unique` (`staff_no`)
) ENGINE=InnoDB AUTO_INCREMENT=7 DEFAULT CHARSET=utf8mb4 COLLATE=utf8mb4_unicode_ci;
/*!40101 SET character_set_client = @saved_cs_client */;

--
-- Dumping data for table `users`
--

LOCK TABLES `users` WRITE;
/*!40000 ALTER TABLE `users` DISABLE KEYS */;
INSERT INTO `users` VALUES (1,'ADMIN01',1,131,'Super Admin','admin@admin.com',NULL,'$2y$10$FzJxH3pmdGn4yrmcQw45xes5OxZ9RAeCHpXyiCs0EwAkur6NeMVq.',1,1,NULL,0.00,NULL,'2021-11-29 07:55:50','2021-11-29 09:28:41'),(2,'18290',1,131,'Ekaro Tamunotonye Bobby','bobby.ekaro@ncdmb.gov.ng',NULL,'$2y$10$Pg9asS1J/XZF4udek/XFl.pgSAe7/U.7TUdcLn7KCnGh8hkyl2KTG',0,0,NULL,0.00,NULL,'2022-01-13 08:57:38','2022-01-13 08:57:38'),(3,'10036',1,131,'Oladele Buki','oladele.buki@ncdmb.gov.ng',NULL,'$2y$10$LJG8olBzcX1CiSYD882LkepTaodZvR5Dz7qHTdplol2E..xDbfvGG',0,0,NULL,0.00,NULL,'2022-01-13 08:58:50','2022-01-13 08:58:50'),(4,'11050',4,131,'Chris Obinna Osuji','chris.osuji@ncdmb.gov.ng',NULL,'$2y$10$Lnfo9idqoI8MFmllhidmXOWwMsQfcwFAZ4o70cHWUv4mMsS5DrMKK',0,0,NULL,0.00,NULL,'2022-01-13 08:59:58','2022-01-13 08:59:58'),(5,'10041',5,131,'Jerry Atabong','jerry.atabong@ncdmb.gov.ng',NULL,'$2y$10$IAE4F6Ej49kdwHI6eAq9te5UvJIjWxVYpSng4I5MVdYmQmHRQ856a',0,0,NULL,0.00,NULL,'2022-01-13 09:07:01','2022-01-13 09:07:01');
/*!40000 ALTER TABLE `users` ENABLE KEYS */;
UNLOCK TABLES;

--
-- Table structure for table `work_flows`
--

DROP TABLE IF EXISTS `work_flows`;
/*!40101 SET @saved_cs_client     = @@character_set_client */;
/*!50503 SET character_set_client = utf8mb4 */;
CREATE TABLE `work_flows` (
  `id` bigint unsigned NOT NULL AUTO_INCREMENT,
  `name` varchar(255) COLLATE utf8mb4_unicode_ci NOT NULL,
  `label` varchar(255) COLLATE utf8mb4_unicode_ci NOT NULL,
  `rule` enum('sequence','broadcast') COLLATE utf8mb4_unicode_ci NOT NULL DEFAULT 'sequence',
  `active` tinyint(1) NOT NULL DEFAULT '0',
  `created_at` timestamp NULL DEFAULT NULL,
  `updated_at` timestamp NULL DEFAULT NULL,
  PRIMARY KEY (`id`),
  UNIQUE KEY `work_flows_label_unique` (`label`)
) ENGINE=InnoDB DEFAULT CHARSET=utf8mb4 COLLATE=utf8mb4_unicode_ci;
/*!40101 SET character_set_client = @saved_cs_client */;

--
-- Dumping data for table `work_flows`
--

LOCK TABLES `work_flows` WRITE;
/*!40000 ALTER TABLE `work_flows` DISABLE KEYS */;
/*!40000 ALTER TABLE `work_flows` ENABLE KEYS */;
UNLOCK TABLES;
/*!40103 SET TIME_ZONE=@OLD_TIME_ZONE */;

/*!40101 SET SQL_MODE=@OLD_SQL_MODE */;
/*!40014 SET FOREIGN_KEY_CHECKS=@OLD_FOREIGN_KEY_CHECKS */;
/*!40014 SET UNIQUE_CHECKS=@OLD_UNIQUE_CHECKS */;
/*!40101 SET CHARACTER_SET_CLIENT=@OLD_CHARACTER_SET_CLIENT */;
/*!40101 SET CHARACTER_SET_RESULTS=@OLD_CHARACTER_SET_RESULTS */;
/*!40101 SET COLLATION_CONNECTION=@OLD_COLLATION_CONNECTION */;
/*!40111 SET SQL_NOTES=@OLD_SQL_NOTES */;

-- Dump completed on 2022-02-02 13:47:01
